AC	2
AG	2
AT	2
CA	2
CG	2
CT	2
GA	2
GC	2
GT	2
TA	2
TC	2
TG	2
ACA	3
ACG	3
ACT	3
AGA	3
AGC	3
AGT	3
ATA	3
ATC	3
ATG	3
CAC	3
CAG	3
CAT	3
CGA	3
CGC	3
CGT	3
CTA	3
CTC	3
CTG	3
GAC	3
GAG	3
GAT	3
GCA	3
GCG	3
GCT	3
GTA	3
GTC	3
GTG	3
TAC	3
TAG	3
TAT	3
TCA	3
TCG	3
TCT	3
TGA	3
TGC	3
TGT	3
ACAG	4
ACAT	4
ACGA	4
ACGC	4
ACGT	4
ACTA	4
ACTC	4
ACTG	4
AGAC	4
AGAT	4
AGCA	4
AGCG	4
AGCT	4
AGTA	4
AGTC	4
AGTG	4
ATAC	4
ATAG	4
ATCA	4
ATCG	4
ATCT	4
ATGA	4
ATGC	4
ATGT	4
CACG	4
CACT	4
CAGA	4
CAGC	4
CAGT	4
CATA	4
CATC	4
CATG	4
CGAC	4
CGAG	4
CGAT	4
CGCA	4
CGCT	4
CGTC	4
CGTG	4
CTAC	4
CTAG	4
CTAT	4
CTCA	4
CTCG	4
CTGA	4
CTGC	4
CTGT	4
GACA	4
GACG	4
GACT	4
GAGC	4
GAGT	4
GATA	4
GATC	4
GATG	4
GCAC	4
GCAG	4
GCAT	4
GCGA	4
GCGT	4
GCTA	4
GCTC	4
GCTG	4
GTAC	4
GTAG	4
GTAT	4
GTCA	4
GTCG	4
GTCT	4
GTGA	4
GTGC	4
TACA	4
TACG	4
TACT	4
TAGA	4
TAGC	4
TAGT	4
TATC	4
TATG	4
TCAC	4
TCAG	4
TCAT	4
TCGA	4
TCGC	4
TCGT	4
TCTA	4
TCTG	4
TGAC	4
TGAG	4
TGAT	4
TGCA	4
TGCG	4
TGCT	4
TGTA	4
TGTC	4
ACAGA	5
ACAGC	5
ACAGT	5
ACATA	5
ACATC	5
ACATG	5
ACGAC	5
ACGAG	5
ACGAT	5
ACGCA	5
ACGCT	5
ACGTA	5
ACGTC	5
ACGTG	5
ACTAC	5
ACTAG	5
ACTAT	5
ACTCA	5
ACTGA	5
ACTGC	5
ACTGT	5
AGACA	5
AGACG	5
AGACT	5
AGATA	5
AGATC	5
AGATG	5
AGCAC	5
AGCAG	5
AGCAT	5
AGCGA	5
AGCTA	5
AGCTC	5
AGCTG	5
AGTAC	5
AGTAG	5
AGTAT	5
AGTCA	5
AGTCG	5
AGTCT	5
AGTGA	5
AGTGC	5
ATACA	5
ATACG	5
ATACT	5
ATAGA	5
ATAGC	5
ATAGT	5
ATCAC	5
ATCAG	5
ATCAT	5
ATCGA	5
ATCGC	5
ATCGT	5
ATCTA	5
ATCTG	5
ATGAC	5
ATGAG	5
ATGAT	5
ATGCA	5
ATGCG	5
ATGCT	5
ATGTA	5
ATGTC	5
CACGA	5
CACGC	5
CACGT	5
CACTA	5
CACTC	5
CACTG	5
CAGAC	5
CAGAT	5
CAGCA	5
CAGCG	5
CAGCT	5
CAGTA	5
CAGTC	5
CAGTG	5
CATAC	5
CATAG	5
CATCA	5
CATCG	5
CATCT	5
CATGA	5
CATGC	5
CATGT	5
CGACG	5
CGACT	5
CGAGC	5
CGAGT	5
CGATA	5
CGATC	5
CGATG	5
CGCAC	5
CGCAG	5
CGCAT	5
CGCTA	5
CGCTC	5
CGCTG	5
CGTAG	5
CGTAT	5
CGTCA	5
CGTCG	5
CGTCT	5
CGTGA	5
CGTGC	5
CTACA	5
CTACG	5
CTACT	5
CTAGA	5
CTAGC	5
CTAGT	5
CTATC	5
CTATG	5
CTCAC	5
CTCAG	5
CTCAT	5
CTCGA	5
CTCGC	5
CTCGT	5
CTGAC	5
CTGAG	5
CTGAT	5
CTGCA	5
CTGCG	5
CTGCT	5
CTGTA	5
CTGTC	5
GACAG	5
GACAT	5
GACGA	5
GACGC	5
GACGT	5
GACTA	5
GACTC	5
GACTG	5
GAGCA	5
GAGCG	5
GAGCT	5
GAGTA	5
GAGTC	5
GAGTG	5
GATAC	5
GATAG	5
GATCA	5
GATCG	5
GATCT	5
GATGA	5
GATGC	5
GATGT	5
GCACG	5
GCACT	5
GCAGA	5
GCAGC	5
GCAGT	5
GCATA	5
GCATC	5
GCATG	5
GCGAC	5
GCGAG	5
GCGAT	5
GCGTA	5
GCGTC	5
GCGTG	5
GCTAC	5
GCTAG	5
GCTAT	5
GCTCA	5
GCTCG	5
GCTGA	5
GCTGC	5
GCTGT	5
GTACA	5
GTACG	5
GTACT	5
GTAGA	5
GTAGC	5
GTAGT	5
GTATC	5
GTATG	5
GTCAC	5
GTCAG	5
GTCAT	5
GTCGA	5
GTCGT	5
GTCTA	5
GTCTG	5
GTGAC	5
GTGAG	5
GTGAT	5
GTGCA	5
GTGCG	5
GTGCT	5
TACAG	5
TACAT	5
TACGA	5
TACGC	5
TACGT	5
TACTA	5
TACTC	5
TACTG	5
TAGAC	5
TAGAT	5
TAGCA	5
TAGCG	5
TAGCT	5
TAGTA	5
TAGTC	5
TAGTG	5
TATCA	5
TATCG	5
TATCT	5
TATGA	5
TATGC	5
TATGT	5
TCACG	5
TCACT	5
TCAGA	5
TCAGC	5
TCAGT	5
TCATA	5
TCATC	5
TCATG	5
TCGAG	5
TCGAT	5
TCGCT	5
TCGTA	5
TCGTC	5
TCGTG	5
TCTAC	5
TCTAG	5
TCTAT	5
TCTGA	5
TCTGC	5
TCTGT	5
TGACA	5
TGACG	5
TGACT	5
TGAGC	5
TGAGT	5
TGATA	5
TGATC	5
TGATG	5
TGCAC	5
TGCAG	5
TGCAT	5
TGCGA	5
TGCGT	5
TGCTA	5
TGCTC	5
TGCTG	5
TGTAC	5
TGTAG	5
TGTAT	5
TGTCA	5
TGTCG	5
TGTCT	5
ACAGAC	6
ACAGAT	6
ACAGCA	6
ACAGCG	6
ACAGCT	6
ACAGTA	6
ACAGTC	6
ACAGTG	6
ACATAC	6
ACATAG	6
ACATCA	6
ACATCG	6
ACATCT	6
ACATGA	6
ACATGC	6
ACATGT	6
ACGACA	6
ACGACT	6
ACGAGC	6
ACGAGT	6
ACGATA	6
ACGATC	6
ACGATG	6
ACGCAC	6
ACGCAG	6
ACGCAT	6
ACGCTA	6
ACGCTC	6
ACGCTG	6
ACGTAC	6
ACGTAG	6
ACGTAT	6
ACGTCA	6
ACGTCG	6
ACGTCT	6
ACGTGA	6
ACGTGC	6
ACTACA	6
ACTACG	6
ACTAGA	6
ACTAGC	6
ACTAGT	6
ACTATC	6
ACTATG	6
ACTCAC	6
ACTCAG	6
ACTCAT	6
ACTCGA	6
ACTCGC	6
ACTCGT	6
ACTGAC	6
ACTGAG	6
ACTGAT	6
ACTGCA	6
ACTGCG	6
ACTGCT	6
ACTGTA	6
ACTGTC	6
AGACAG	6
AGACAT	6
AGACGA	6
AGACGC	6
AGACGT	6
AGACTA	6
AGACTC	6
AGACTG	6
AGATAC	6
AGATAG	6
AGATCA	6
AGATCG	6
AGATCT	6
AGATGA	6
AGATGC	6
AGATGT	6
AGCACG	6
AGCACT	6
AGCAGA	6
AGCAGT	6
AGCATA	6
AGCATC	6
AGCATG	6
AGCGAC	6
AGCGAG	6
AGCGAT	6
AGCGTA	6
AGCGTC	6
AGCGTG	6
AGCTAC	6
AGCTAG	6
AGCTAT	6
AGCTCA	6
AGCTCG	6
AGCTGA	6
AGCTGC	6
AGCTGT	6
AGTACA	6
AGTACG	6
AGTACT	6
AGTAGA	6
AGTAGC	6
AGTATC	6
AGTATG	6
AGTCAC	6
AGTCAG	6
AGTCAT	6
AGTCGA	6
AGTCGC	6
AGTCGT	6
AGTCTA	6
AGTCTG	6
AGTGAC	6
AGTGAG	6
AGTGAT	6
AGTGCA	6
AGTGCG	6
AGTGCT	6
ATACAG	6
ATACAT	6
ATACGA	6
ATACGC	6
ATACGT	6
ATACTA	6
ATACTC	6
ATACTG	6
ATAGAC	6
ATAGAT	6
ATAGCA	6
ATAGCG	6
ATAGCT	6
ATAGTA	6
ATAGTC	6
ATAGTG	6
ATCACG	6
ATCACT	6
ATCAGA	6
ATCAGC	6
ATCAGT	6
ATCATA	6
ATCATG	6
ATCGAC	6
ATCGAG	6
ATCGAT	6
ATCGCA	6
ATCGCT	6
ATCGTA	6
ATCGTC	6
ATCGTG	6
ATCTAC	6
ATCTAG	6
ATCTAT	6
ATCTGA	6
ATCTGC	6
ATCTGT	6
ATGACA	6
ATGACG	6
ATGACT	6
ATGAGC	6
ATGAGT	6
ATGATA	6
ATGATC	6
ATGCAC	6
ATGCAG	6
ATGCAT	6
ATGCGA	6
ATGCGT	6
ATGCTA	6
ATGCTC	6
ATGCTG	6
ATGTAC	6
ATGTAG	6
ATGTAT	6
ATGTCA	6
ATGTCT	6
CACGAC	6
CACGAG	6
CACGAT	6
CACGCA	6
CACGCT	6
CACGTA	6
CACGTC	6
CACGTG	6
CACTAC	6
CACTAG	6
CACTAT	6
CACTCA	6
CACTCG	6
CACTGA	6
CACTGC	6
CACTGT	6
CAGACA	6
CAGACG	6
CAGACT	6
CAGATA	6
CAGATC	6
CAGATG	6
CAGCAC	6
CAGCAT	6
CAGCGA	6
CAGCGT	6
CAGCTA	6
CAGCTC	6
CAGCTG	6
CAGTAC	6
CAGTAG	6
CAGTAT	6
CAGTCA	6
CAGTCG	6
CAGTCT	6
CAGTGA	6
CAGTGC	6
CATACA	6
CATACG	6
CATACT	6
CATAGA	6
CATAGC	6
CATAGT	6
CATCAC	6
CATCAG	6
CATCGA	6
CATCGC	6
CATCGT	6
CATCTA	6
CATCTG	6
CATGAC	6
CATGAG	6
CATGAT	6
CATGCA	6
CATGCG	6
CATGCT	6
CATGTA	6
CATGTC	6
CGACAG	6
CGACAT	6
CGACGC	6
CGACTA	6
CGACTC	6
CGACTG	6
CGAGCA	6
CGAGCG	6
CGAGCT	6
CGAGTA	6
CGAGTC	6
CGAGTG	6
CGATAC	6
CGATAG	6
CGATCT	6
CGATGA	6
CGATGC	6
CGATGT	6
CGCACG	6
CGCACT	6
CGCAGA	6
CGCAGC	6
CGCAGT	6
CGCATA	6
CGCATC	6
CGCATG	6
CGCTAC	6
CGCTAG	6
CGCTAT	6
CGCTCA	6
CGCTCG	6
CGCTGA	6
CGCTGC	6
CGCTGT	6
CGTACA	6
CGTAGA	6
CGTAGC	6
CGTAGT	6
CGTATG	6
CGTCAC	6
CGTCAG	6
CGTCAT	6
CGTCGA	6
CGTCGC	6
CGTCTA	6
CGTCTG	6
CGTGAC	6
CGTGAG	6
CGTGAT	6
CGTGCA	6
CGTGCG	6
CGTGCT	6
CTACAG	6
CTACAT	6
CTACGA	6
CTACGC	6
CTACGT	6
CTACTC	6
CTACTG	6
CTAGAC	6
CTAGAT	6
CTAGCA	6
CTAGCG	6
CTAGCT	6
CTAGTA	6
CTAGTC	6
CTAGTG	6
CTATCA	6
CTATCG	6
CTATCT	6
CTATGA	6
CTATGC	6
CTATGT	6
CTCACG	6
CTCACT	6
CTCAGA	6
CTCAGC	6
CTCAGT	6
CTCATA	6
CTCATC	6
CTCATG	6
CTCGAC	6
CTCGAG	6
CTCGAT	6
CTCGCA	6
CTCGCT	6
CTCGTA	6
CTCGTC	6
CTCGTG	6
CTGACA	6
CTGACG	6
CTGACT	6
CTGAGC	6
CTGAGT	6
CTGATA	6
CTGATC	6
CTGATG	6
CTGCAC	6
CTGCAG	6
CTGCAT	6
CTGCGA	6
CTGCGT	6
CTGCTA	6
CTGCTC	6
CTGTAC	6
CTGTAG	6
CTGTAT	6
CTGTCA	6
CTGTCG	6
CTGTCT	6
GACAGA	6
GACAGC	6
GACAGT	6
GACATA	6
GACATC	6
GACATG	6
GACGAG	6
GACGAT	6
GACGCA	6
GACGCT	6
GACGTA	6
GACGTC	6
GACGTG	6
GACTAC	6
GACTAG	6
GACTAT	6
GACTCA	6
GACTCG	6
GACTGA	6
GACTGC	6
GACTGT	6
GAGCAC	6
GAGCAG	6
GAGCAT	6
GAGCGA	6
GAGCGT	6
GAGCTA	6
GAGCTC	6
GAGCTG	6
GAGTAC	6
GAGTAG	6
GAGTAT	6
GAGTCA	6
GAGTCG	6
GAGTCT	6
GAGTGA	6
GAGTGC	6
GATACA	6
GATACT	6
GATAGA	6
GATAGC	6
GATAGT	6
GATCAC	6
GATCAG	6
GATCAT	6
GATCGA	6
GATCGC	6
GATCGT	6
GATCTA	6
GATCTG	6
GATGAC	6
GATGAG	6
GATGCA	6
GATGCG	6
GATGCT	6
GATGTA	6
GATGTC	6
GCACGA	6
GCACGC	6
GCACGT	6
GCACTA	6
GCACTC	6
GCACTG	6
GCAGAC	6
GCAGAT	6
GCAGCG	6
GCAGCT	6
GCAGTA	6
GCAGTC	6
GCAGTG	6
GCATAC	6
GCATAG	6
GCATCA	6
GCATCG	6
GCATCT	6
GCATGA	6
GCATGC	6
GCATGT	6
GCGACA	6
GCGACG	6
GCGACT	6
GCGAGC	6
GCGAGT	6
GCGATA	6
GCGATC	6
GCGATG	6
GCGTAG	6
GCGTAT	6
GCGTCA	6
GCGTCG	6
GCGTCT	6
GCGTGA	6
GCGTGC	6
GCTACA	6
GCTACG	6
GCTACT	6
GCTAGA	6
GCTAGC	6
GCTAGT	6
GCTATC	6
GCTATG	6
GCTCAC	6
GCTCAG	6
GCTCAT	6
GCTCGC	6
GCTCGT	6
GCTGAC	6
GCTGAG	6
GCTGAT	6
GCTGCA	6
GCTGCG	6
GCTGTA	6
GCTGTC	6
GTACAG	6
GTACAT	6
GTACGA	6
GTACGT	6
GTACTA	6
GTACTC	6
GTACTG	6
GTAGAC	6
GTAGAT	6
GTAGCA	6
GTAGCG	6
GTAGCT	6
GTAGTC	6
GTAGTG	6
GTATCA	6
GTATCG	6
GTATCT	6
GTATGA	6
GTATGC	6
GTATGT	6
GTCACG	6
GTCACT	6
GTCAGA	6
GTCAGC	6
GTCAGT	6
GTCATA	6
GTCATC	6
GTCATG	6
GTCGAC	6
GTCGAG	6
GTCGAT	6
GTCGCA	6
GTCGCT	6
GTCGTA	6
GTCGTG	6
GTCTAC	6
GTCTAG	6
GTCTAT	6
GTCTGA	6
GTCTGC	6
GTCTGT	6
GTGACA	6
GTGACG	6
GTGACT	6
GTGAGC	6
GTGAGT	6
GTGATA	6
GTGATC	6
GTGATG	6
GTGCAC	6
GTGCAG	6
GTGCAT	6
GTGCGA	6
GTGCGT	6
GTGCTA	6
GTGCTC	6
GTGCTG	6
TACAGA	6
TACAGC	6
TACAGT	6
TACATA	6
TACATC	6
TACATG	6
TACGAC	6
TACGAG	6
TACGAT	6
TACGCA	6
TACGCT	6
TACGTA	6
TACGTG	6
TACTAG	6
TACTAT	6
TACTCA	6
TACTCG	6
TACTGA	6
TACTGC	6
TACTGT	6
TAGACA	6
TAGACG	6
TAGACT	6
TAGATA	6
TAGATC	6
TAGATG	6
TAGCAC	6
TAGCAG	6
TAGCAT	6
TAGCGA	6
TAGCGT	6
TAGCTA	6
TAGCTC	6
TAGCTG	6
TAGTAC	6
TAGTAT	6
TAGTCA	6
TAGTCG	6
TAGTCT	6
TAGTGA	6
TAGTGC	6
TATCAC	6
TATCAG	6
TATCAT	6
TATCGA	6
TATCGC	6
TATCGT	6
TATCTA	6
TATCTG	6
TATGAC	6
TATGAG	6
TATGAT	6
TATGCA	6
TATGCG	6
TATGCT	6
TATGTA	6
TATGTC	6
TCACGA	6
TCACGC	6
TCACGT	6
TCACTA	6
TCACTC	6
TCACTG	6
TCAGAC	6
TCAGAT	6
TCAGCA	6
TCAGCG	6
TCAGCT	6
TCAGTA	6
TCAGTC	6
TCAGTG	6
TCATAC	6
TCATAG	6
TCATCG	6
TCATCT	6
TCATGA	6
TCATGC	6
TCATGT	6
TCGACA	6
TCGACT	6
TCGAGC	6
TCGAGT	6
TCGATC	6
TCGATG	6
TCGCAC	6
TCGCAG	6
TCGCAT	6
TCGCTA	6
TCGCTC	6
TCGCTG	6
TCGTAC	6
TCGTAG	6
TCGTAT	6
TCGTCA	6
TCGTCT	6
TCGTGA	6
TCGTGC	6
TCTACA	6
TCTACG	6
TCTACT	6
TCTAGA	6
TCTAGC	6
TCTAGT	6
TCTATC	6
TCTATG	6
TCTGAC	6
TCTGAG	6
TCTGAT	6
TCTGCA	6
TCTGCG	6
TCTGCT	6
TCTGTA	6
TCTGTC	6
TGACAG	6
TGACAT	6
TGACGA	6
TGACGC	6
TGACGT	6
TGACTA	6
TGACTC	6
TGACTG	6
TGAGCA	6
TGAGCG	6
TGAGCT	6
TGAGTA	6
TGAGTC	6
TGAGTG	6
TGATAC	6
TGATAG	6
TGATCA	6
TGATCG	6
TGATCT	6
TGATGC	6
TGATGT	6
TGCACG	6
TGCACT	6
TGCAGA	6
TGCAGC	6
TGCAGT	6
TGCATA	6
TGCATC	6
TGCATG	6
TGCGAC	6
TGCGAG	6
TGCGAT	6
TGCGTA	6
TGCGTC	6
TGCGTG	6
TGCTAC	6
TGCTAG	6
TGCTAT	6
TGCTCA	6
TGCTCG	6
TGCTGA	6
TGCTGT	6
TGTACA	6
TGTACG	6
TGTACT	6
TGTAGA	6
TGTAGC	6
TGTAGT	6
TGTATC	6
TGTATG	6
TGTCAC	6
TGTCAG	6
TGTCAT	6
TGTCGA	6
TGTCGC	6
TGTCGT	6
TGTCTA	6
TGTCTG	6
ACAGACA	7
ACAGACT	7
ACAGATA	7
ACAGATC	7
ACAGATG	7
ACAGCAC	7
ACAGCAT	7
ACAGCTA	7
ACAGCTC	7
ACAGCTG	7
ACAGTAC	7
ACAGTAG	7
ACAGTAT	7
ACAGTCA	7
ACAGTCT	7
ACAGTGA	7
ACAGTGC	7
ACATACA	7
ACATACT	7
ACATAGA	7
ACATAGC	7
ACATAGT	7
ACATCAC	7
ACATCAG	7
ACATCGA	7
ACATCGC	7
ACATCTA	7
ACATCTG	7
ACATGAC	7
ACATGAG	7
ACATGAT	7
ACATGCA	7
ACATGCT	7
ACATGTA	7
ACATGTC	7
ACGACTA	7
ACGACTC	7
ACGATAG	7
ACGATCA	7
ACGCAGA	7
ACGCAGT	7
ACGCATC	7
ACGCTGA	7
ACGCTGT	7
ACGTACA	7
ACGTAGT	7
ACGTCAG	7
ACGTCAT	7
ACGTGAC	7
ACGTGAT	7
ACGTGCA	7
ACTACAG	7
ACTACAT	7
ACTACGC	7
ACTAGAC	7
ACTAGAT	7
ACTAGCA	7
ACTAGCT	7
ACTAGTA	7
ACTAGTC	7
ACTAGTG	7
ACTATCA	7
ACTATCT	7
ACTATGA	7
ACTATGC	7
ACTATGT	7
ACTCACT	7
ACTCAGA	7
ACTCAGC	7
ACTCAGT	7
ACTCATA	7
ACTCATC	7
ACTCATG	7
ACTCGAC	7
ACTCGAT	7
ACTGACA	7
ACTGACG	7
ACTGACT	7
ACTGAGC	7
ACTGAGT	7
ACTGATA	7
ACTGATC	7
ACTGATG	7
ACTGCAC	7
ACTGCAG	7
ACTGCAT	7
ACTGCTA	7
ACTGCTC	7
ACTGTAC	7
ACTGTAG	7
ACTGTAT	7
ACTGTCA	7
ACTGTCT	7
AGACAGA	7
AGACAGC	7
AGACAGT	7
AGACATA	7
AGACATC	7
AGACATG	7
AGACGTA	7
AGACGTG	7
AGACTAC	7
AGACTAG	7
AGACTAT	7
AGACTCA	7
AGACTCG	7
AGACTGA	7
AGACTGC	7
AGACTGT	7
AGATACA	7
AGATACT	7
AGATAGA	7
AGATAGC	7
AGATAGT	7
AGATCAC	7
AGATCAG	7
AGATCAT	7
AGATCGC	7
AGATCTA	7
AGATCTG	7
AGATGAC	7
AGATGAG	7
AGATGCA	7
AGATGCG	7
AGATGCT	7
AGATGTA	7
AGATGTC	7
AGCACGT	7
AGCACTA	7
AGCACTC	7
AGCACTG	7
AGCAGAC	7
AGCAGAT	7
AGCAGTA	7
AGCAGTC	7
AGCAGTG	7
AGCATAC	7
AGCATAG	7
AGCATCA	7
AGCATCT	7
AGCATGA	7
AGCATGC	7
AGCATGT	7
AGCGACA	7
AGCGAGC	7
AGCGATC	7
AGCGTAT	7
AGCGTGA	7
AGCTACA	7
AGCTACT	7
AGCTAGA	7
AGCTAGC	7
AGCTAGT	7
AGCTATC	7
AGCTATG	7
AGCTCAC	7
AGCTCAG	7
AGCTCAT	7
AGCTCGA	7
AGCTCGC	7
AGCTGAC	7
AGCTGAG	7
AGCTGAT	7
AGCTGCA	7
AGCTGCG	7
AGCTGTA	7
AGCTGTC	7
AGTACAG	7
AGTACAT	7
AGTACGT	7
AGTACTA	7
AGTACTC	7
AGTACTG	7
AGTAGAC	7
AGTAGAT	7
AGTAGCA	7
AGTAGCT	7
AGTATCA	7
AGTATCT	7
AGTATGA	7
AGTATGC	7
AGTATGT	7
AGTCACT	7
AGTCAGA	7
AGTCAGC	7
AGTCAGT	7
AGTCATA	7
AGTCATC	7
AGTCATG	7
AGTCGAG	7
AGTCTAC	7
AGTCTAG	7
AGTCTAT	7
AGTCTGA	7
AGTCTGC	7
AGTCTGT	7
AGTGACA	7
AGTGACG	7
AGTGACT	7
AGTGAGC	7
AGTGAGT	7
AGTGATA	7
AGTGATC	7
AGTGATG	7
AGTGCAC	7
AGTGCAG	7
AGTGCAT	7
AGTGCTA	7
AGTGCTC	7
AGTGCTG	7
ATACAGA	7
ATACAGC	7
ATACAGT	7
ATACATA	7
ATACATC	7
ATACATG	7
ATACGTA	7
ATACGTG	7
ATACTAG	7
ATACTAT	7
ATACTCA	7
ATACTGA	7
ATACTGC	7
ATACTGT	7
ATAGACA	7
ATAGACT	7
ATAGATA	7
ATAGATC	7
ATAGATG	7
ATAGCAC	7
ATAGCAG	7
ATAGCAT	7
ATAGCGT	7
ATAGCTA	7
ATAGCTC	7
ATAGCTG	7
ATAGTAC	7
ATAGTAT	7
ATAGTCA	7
ATAGTCT	7
ATAGTGA	7
ATAGTGC	7
ATCACGA	7
ATCACTA	7
ATCACTC	7
ATCACTG	7
ATCAGAC	7
ATCAGAT	7
ATCAGCA	7
ATCAGCT	7
ATCAGTA	7
ATCAGTC	7
ATCAGTG	7
ATCATAC	7
ATCATAG	7
ATCATGA	7
ATCATGC	7
ATCATGT	7
ATCGAGC	7
ATCGAGT	7
ATCGCAC	7
ATCGCTC	7
ATCTACA	7
ATCTACT	7
ATCTAGA	7
ATCTAGC	7
ATCTAGT	7
ATCTATC	7
ATCTATG	7
ATCTGAC	7
ATCTGAG	7
ATCTGAT	7
ATCTGCA	7
ATCTGCG	7
ATCTGCT	7
ATCTGTA	7
ATCTGTC	7
ATGACAG	7
ATGACAT	7
ATGACGT	7
ATGACTA	7
ATGACTC	7
ATGACTG	7
ATGAGCA	7
ATGAGCT	7
ATGAGTA	7
ATGAGTC	7
ATGAGTG	7
ATGATAC	7
ATGATAG	7
ATGATCA	7
ATGATCT	7
ATGCACG	7
ATGCACT	7
ATGCAGA	7
ATGCAGC	7
ATGCAGT	7
ATGCATA	7
ATGCATC	7
ATGCATG	7
ATGCGAT	7
ATGCGTC	7
ATGCTAC	7
ATGCTAG	7
ATGCTAT	7
ATGCTCA	7
ATGCTGA	7
ATGCTGT	7
ATGTACA	7
ATGTACG	7
ATGTACT	7
ATGTAGA	7
ATGTAGC	7
ATGTAGT	7
ATGTATC	7
ATGTATG	7
ATGTCAC	7
ATGTCAG	7
ATGTCAT	7
ATGTCGT	7
ATGTCTA	7
ATGTCTG	7
CACGACA	7
CACGATC	7
CACGATG	7
CACGCAC	7
CACGCAG	7
CACGCTA	7
CACGCTC	7
CACGCTG	7
CACGTAC	7
CACGTAT	7
CACGTCA	7
CACGTCT	7
CACGTGA	7
CACGTGC	7
CACTACA	7
CACTAGA	7
CACTAGC	7
CACTAGT	7
CACTATC	7
CACTATG	7
CACTCAC	7
CACTCAG	7
CACTCAT	7
CACTCGC	7
CACTGAC	7
CACTGAG	7
CACTGAT	7
CACTGCA	7
CACTGCT	7
CACTGTA	7
CACTGTC	7
CAGACAG	7
CAGACAT	7
CAGACGC	7
CAGACTA	7
CAGACTC	7
CAGACTG	7
CAGATAC	7
CAGATAG	7
CAGATCA	7
CAGATCT	7
CAGATGA	7
CAGATGC	7
CAGATGT	7
CAGCACG	7
CAGCACT	7
CAGCATA	7
CAGCATC	7
CAGCATG	7
CAGCGAC	7
CAGCGAG	7
CAGCGAT	7
CAGCGTC	7
CAGCGTG	7
CAGCTAC	7
CAGCTAG	7
CAGCTAT	7
CAGCTCA	7
CAGCTCG	7
CAGCTGA	7
CAGCTGC	7
CAGCTGT	7
CAGTACA	7
CAGTACT	7
CAGTAGA	7
CAGTAGC	7
CAGTATC	7
CAGTATG	7
CAGTCAC	7
CAGTCAG	7
CAGTCAT	7
CAGTCTA	7
CAGTCTG	7
CAGTGAC	7
CAGTGAG	7
CAGTGAT	7
CAGTGCA	7
CAGTGCT	7
CATACAG	7
CATACAT	7
CATACTA	7
CATACTC	7
CATACTG	7
CATAGAC	7
CATAGAT	7
CATAGCA	7
CATAGCT	7
CATAGTA	7
CATAGTC	7
CATAGTG	7
CATCACT	7
CATCAGA	7
CATCAGC	7
CATCAGT	7
CATCGCT	7
CATCTAC	7
CATCTAG	7
CATCTAT	7
CATCTGA	7
CATCTGC	7
CATCTGT	7
CATGACA	7
CATGACT	7
CATGAGC	7
CATGAGT	7
CATGATA	7
CATGATC	7
CATGCAC	7
CATGCAG	7
CATGCAT	7
CATGCGA	7
CATGCTA	7
CATGCTC	7
CATGCTG	7
CATGTAC	7
CATGTAG	7
CATGTAT	7
CATGTCA	7
CATGTCT	7
CGACAGA	7
CGACAGC	7
CGACAGT	7
CGACATG	7
CGAGCAG	7
CGAGCAT	7
CGAGCTG	7
CGAGTAG	7
CGAGTGA	7
CGAGTGC	7
CGATACA	7
CGATAGT	7
CGATCTG	7
CGATGAG	7
CGATGCT	7
CGATGTC	7
CGCACGC	7
CGCACTC	7
CGCAGAC	7
CGCAGCG	7
CGCAGCT	7
CGCATCA	7
CGCATCT	7
CGCATGA	7
CGCATGC	7
CGCTACT	7
CGCTATG	7
CGCTCAC	7
CGCTCAG	7
CGCTCGC	7
CGCTGAG	7
CGCTGCG	7
CGTACAG	7
CGTAGCT	7
CGTATCA	7
CGTATCT	7
CGTATGT	7
CGTCACG	7
CGTCAGA	7
CGTCATC	7
CGTCTGC	7
CGTCTGT	7
CGTGACA	7
CGTGAGC	7
CGTGAGT	7
CGTGATC	7
CGTGATG	7
CGTGCAC	7
CGTGCAG	7
CGTGCAT	7
CGTGCGT	7
CGTGCTG	7
CTACAGA	7
CTACAGC	7
CTACAGT	7
CTACATA	7
CTACATC	7
CTACATG	7
CTACGTG	7
CTACTCA	7
CTACTCG	7
CTACTGA	7
CTACTGC	7
CTACTGT	7
CTAGACA	7
CTAGACT	7
CTAGATA	7
CTAGATC	7
CTAGATG	7
CTAGCAC	7
CTAGCAG	7
CTAGCAT	7
CTAGCTA	7
CTAGCTC	7
CTAGCTG	7
CTAGTAC	7
CTAGTAT	7
CTAGTCA	7
CTAGTCT	7
CTAGTGA	7
CTAGTGC	7
CTATCAC	7
CTATCAG	7
CTATCAT	7
CTATCGC	7
CTATCTA	7
CTATCTG	7
CTATGAC	7
CTATGAG	7
CTATGAT	7
CTATGCA	7
CTATGCG	7
CTATGCT	7
CTATGTA	7
CTATGTC	7
CTCACGC	7
CTCACGT	7
CTCACTA	7
CTCACTC	7
CTCACTG	7
CTCAGAC	7
CTCAGAT	7
CTCAGCA	7
CTCAGCG	7
CTCAGCT	7
CTCAGTA	7
CTCAGTC	7
CTCAGTG	7
CTCATAC	7
CTCATAG	7
CTCATCT	7
CTCATGA	7
CTCATGC	7
CTCATGT	7
CTCGAGC	7
CTCGATC	7
CTCGCAG	7
CTCGCTC	7
CTCGCTG	7
CTGACAG	7
CTGACAT	7
CTGACGT	7
CTGACTA	7
CTGACTC	7
CTGACTG	7
CTGAGCA	7
CTGAGCT	7
CTGAGTA	7
CTGAGTC	7
CTGAGTG	7
CTGATAC	7
CTGATAG	7
CTGATCA	7
CTGATCT	7
CTGATGC	7
CTGATGT	7
CTGCACG	7
CTGCACT	7
CTGCAGA	7
CTGCAGC	7
CTGCAGT	7
CTGCATA	7
CTGCATC	7
CTGCATG	7
CTGCGAC	7
CTGCGAT	7
CTGCGTC	7
CTGCGTG	7
CTGCTAC	7
CTGCTAG	7
CTGCTAT	7
CTGCTCA	7
CTGCTCG	7
CTGTACA	7
CTGTACT	7
CTGTAGA	7
CTGTAGC	7
CTGTAGT	7
CTGTATC	7
CTGTATG	7
CTGTCAC	7
CTGTCAG	7
CTGTCAT	7
CTGTCGC	7
CTGTCTA	7
CTGTCTG	7
GACAGAC	7
GACAGAT	7
GACAGCA	7
GACAGCT	7
GACAGTA	7
GACAGTC	7
GACAGTG	7
GACATAC	7
GACATAG	7
GACATCA	7
GACATCT	7
GACATGA	7
GACATGC	7
GACATGT	7
GACGAGT	7
GACGATG	7
GACGCAG	7
GACGCTG	7
GACGTCA	7
GACGTGC	7
GACTACA	7
GACTAGA	7
GACTAGT	7
GACTATC	7
GACTATG	7
GACTCAC	7
GACTCAG	7
GACTCAT	7
GACTCGC	7
GACTCGT	7
GACTGAC	7
GACTGAG	7
GACTGAT	7
GACTGCA	7
GACTGCT	7
GACTGTA	7
GAGCACT	7
GAGCAGA	7
GAGCAGT	7
GAGCATA	7
GAGCATC	7
GAGCATG	7
GAGCGAC	7
GAGCGAG	7
GAGCGTA	7
GAGCGTG	7
GAGCTAG	7
GAGCTAT	7
GAGCTCA	7
GAGCTCG	7
GAGCTGA	7
GAGCTGC	7
GAGCTGT	7
GAGTACA	7
GAGTACT	7
GAGTAGA	7
GAGTAGC	7
GAGTATC	7
GAGTATG	7
GAGTCAC	7
GAGTCAG	7
GAGTCAT	7
GAGTCGA	7
GAGTCGC	7
GAGTCTA	7
GAGTCTG	7
GAGTGAC	7
GAGTGAG	7
GAGTGAT	7
GAGTGCA	7
GAGTGCT	7
GATACAG	7
GATACAT	7
GATACTA	7
GATACTC	7
GATACTG	7
GATAGAC	7
GATAGAT	7
GATAGCA	7
GATAGTA	7
GATAGTG	7
GATCACG	7
GATCACT	7
GATCAGA	7
GATCAGT	7
GATCATA	7
GATCATG	7
GATCGAT	7
GATCGCT	7
GATCGTG	7
GATCTAC	7
GATCTAG	7
GATCTAT	7
GATCTGA	7
GATCTGC	7
GATCTGT	7
GATGACA	7
GATGACT	7
GATGAGC	7
GATGAGT	7
GATGCAC	7
GATGCAG	7
GATGCAT	7
GATGCGT	7
GATGCTA	7
GATGCTC	7
GATGCTG	7
GATGTAC	7
GATGTAG	7
GATGTAT	7
GATGTCA	7
GATGTCT	7
GCACGAT	7
GCACGCA	7
GCACGTC	7
GCACGTG	7
GCACTAC	7
GCACTAG	7
GCACTAT	7
GCACTCA	7
GCACTCG	7
GCACTGA	7
GCACTGC	7
GCACTGT	7
GCAGACA	7
GCAGACG	7
GCAGACT	7
GCAGATA	7
GCAGATC	7
GCAGATG	7
GCAGCGA	7
GCAGCGT	7
GCAGCTA	7
GCAGCTC	7
GCAGCTG	7
GCAGTAC	7
GCAGTAG	7
GCAGTAT	7
GCAGTCA	7
GCAGTCG	7
GCAGTCT	7
GCAGTGA	7
GCAGTGC	7
GCATACA	7
GCATACT	7
GCATAGA	7
GCATAGC	7
GCATAGT	7
GCATCAC	7
GCATCAG	7
GCATCTA	7
GCATCTG	7
GCATGAC	7
GCATGAG	7
GCATGAT	7
GCATGCA	7
GCATGCT	7
GCATGTA	7
GCGACAG	7
GCGACAT	7
GCGACTA	7
GCGACTG	7
GCGAGCA	7
GCGAGCG	7
GCGAGCT	7
GCGAGTG	7
GCGATAG	7
GCGATCA	7
GCGATGA	7
GCGATGC	7
GCGTATC	7
GCGTCAC	7
GCGTCAG	7
GCGTCTG	7
GCGTGAG	7
GCGTGCA	7
GCGTGCG	7
GCTACAG	7
GCTACAT	7
GCTACTC	7
GCTACTG	7
GCTAGAC	7
GCTAGAT	7
GCTAGCA	7
GCTAGCT	7
GCTAGTA	7
GCTAGTC	7
GCTAGTG	7
GCTATCA	7
GCTATCT	7
GCTATGA	7
GCTATGC	7
GCTATGT	7
GCTCACT	7
GCTCAGA	7
GCTCAGC	7
GCTCAGT	7
GCTCATA	7
GCTCATG	7
GCTCGAC	7
GCTCGCT	7
GCTCGTG	7
GCTGACA	7
GCTGACT	7
GCTGAGC	7
GCTGAGT	7
GCTGATA	7
GCTGATG	7
GCTGCAC	7
GCTGCAG	7
GCTGCAT	7
GCTGCGA	7
GCTGCGT	7
GCTGTAC	7
GCTGTAG	7
GCTGTAT	7
GCTGTCA	7
GCTGTCT	7
GTACAGA	7
GTACAGC	7
GTACAGT	7
GTACATA	7
GTACATG	7
GTACGTA	7
GTACTAG	7
GTACTAT	7
GTACTCA	7
GTACTGA	7
GTACTGC	7
GTACTGT	7
GTAGACA	7
GTAGACT	7
GTAGATA	7
GTAGATG	7
GTAGCAC	7
GTAGCAG	7
GTAGCAT	7
GTAGCGA	7
GTAGCTA	7
GTAGCTG	7
GTAGTCA	7
GTAGTCT	7
GTAGTGA	7
GTAGTGC	7
GTATCAC	7
GTATCAG	7
GTATCAT	7
GTATCTA	7
GTATCTG	7
GTATGAC	7
GTATGAG	7
GTATGAT	7
GTATGCA	7
GTATGCT	7
GTATGTA	7
GTATGTC	7
GTCACGT	7
GTCACTA	7
GTCACTC	7
GTCACTG	7
GTCAGAC	7
GTCAGAT	7
GTCAGCA	7
GTCAGCT	7
GTCAGTA	7
GTCAGTC	7
GTCAGTG	7
GTCATAC	7
GTCATAG	7
GTCATCT	7
GTCATGA	7
GTCATGC	7
GTCATGT	7
GTCGACT	7
GTCGCAG	7
GTCGTGC	7
GTCTACA	7
GTCTACT	7
GTCTAGA	7
GTCTAGC	7
GTCTAGT	7
GTCTATC	7
GTCTATG	7
GTCTGAG	7
GTCTGAT	7
GTCTGCA	7
GTCTGCT	7
GTCTGTA	7
GTCTGTC	7
GTGACAG	7
GTGACAT	7
GTGACTA	7
GTGACTC	7
GTGACTG	7
GTGAGCA	7
GTGAGCT	7
GTGAGTA	7
GTGAGTG	7
GTGATAG	7
GTGATCA	7
GTGATCG	7
GTGATCT	7
GTGATGC	7
GTGATGT	7
GTGCACG	7
GTGCACT	7
GTGCAGA	7
GTGCAGC	7
GTGCAGT	7
GTGCATA	7
GTGCATC	7
GTGCATG	7
GTGCGAG	7
GTGCGTG	7
GTGCTAG	7
GTGCTAT	7
GTGCTCA	7
GTGCTGA	7
GTGCTGT	7
TACAGAC	7
TACAGAT	7
TACAGCA	7
TACAGCT	7
TACAGTA	7
TACAGTC	7
TACAGTG	7
TACATAC	7
TACATAG	7
TACATCA	7
TACATCT	7
TACATGA	7
TACATGC	7
TACATGT	7
TACGCAC	7
TACGCTC	7
TACGTAC	7
TACGTAG	7
TACGTAT	7
TACTAGA	7
TACTAGC	7
TACTAGT	7
TACTATC	7
TACTATG	7
TACTCAC	7
TACTCAG	7
TACTCAT	7
TACTCGA	7
TACTGAC	7
TACTGAG	7
TACTGAT	7
TACTGCA	7
TACTGCG	7
TACTGCT	7
TACTGTA	7
TACTGTC	7
TAGACAG	7
TAGACAT	7
TAGACTA	7
TAGACTC	7
TAGACTG	7
TAGATAC	7
TAGATAG	7
TAGATCA	7
TAGATCT	7
TAGATGA	7
TAGATGC	7
TAGATGT	7
TAGCACG	7
TAGCACT	7
TAGCAGA	7
TAGCAGT	7
TAGCATA	7
TAGCATC	7
TAGCATG	7
TAGCGTG	7
TAGCTAC	7
TAGCTAG	7
TAGCTAT	7
TAGCTCA	7
TAGCTGA	7
TAGCTGC	7
TAGCTGT	7
TAGTACA	7
TAGTACT	7
TAGTATC	7
TAGTATG	7
TAGTCAC	7
TAGTCAG	7
TAGTCAT	7
TAGTCTA	7
TAGTCTG	7
TAGTGAC	7
TAGTGAG	7
TAGTGAT	7
TAGTGCA	7
TAGTGCG	7
TAGTGCT	7
TATCACG	7
TATCACT	7
TATCAGA	7
TATCAGC	7
TATCAGT	7
TATCATA	7
TATCATG	7
TATCGAT	7
TATCGTA	7
TATCGTC	7
TATCTAC	7
TATCTAG	7
TATCTAT	7
TATCTGA	7
TATCTGC	7
TATCTGT	7
TATGACA	7
TATGACG	7
TATGACT	7
TATGAGC	7
TATGAGT	7
TATGATA	7
TATGATC	7
TATGCAC	7
TATGCAG	7
TATGCAT	7
TATGCTA	7
TATGCTC	7
TATGCTG	7
TATGTAC	7
TATGTAG	7
TATGTAT	7
TATGTCA	7
TATGTCT	7
TCACGAG	7
TCACGCA	7
TCACGCT	7
TCACGTG	7
TCACTAC	7
TCACTAG	7
TCACTAT	7
TCACTCA	7
TCACTGA	7
TCACTGC	7
TCACTGT	7
TCAGACA	7
TCAGACG	7
TCAGACT	7
TCAGATA	7
TCAGATC	7
TCAGATG	7
TCAGCAC	7
TCAGCAT	7
TCAGCGT	7
TCAGCTA	7
TCAGCTC	7
TCAGCTG	7
TCAGTAC	7
TCAGTAG	7
TCAGTAT	7
TCAGTCA	7
TCAGTCT	7
TCAGTGA	7
TCAGTGC	7
TCATACA	7
TCATACT	7
TCATAGA	7
TCATAGC	7
TCATAGT	7
TCATCGA	7
TCATCTA	7
TCATCTG	7
TCATGAC	7
TCATGAG	7
TCATGAT	7
TCATGCA	7
TCATGCT	7
TCATGTA	7
TCATGTC	7
TCGACAT	7
TCGACTG	7
TCGCAGA	7
TCGCAGT	7
TCGCTGA	7
TCGCTGC	7
TCGTACT	7
TCGTGCA	7
TCGTGCT	7
TCTACAG	7
TCTACAT	7
TCTACTC	7
TCTACTG	7
TCTAGAC	7
TCTAGAT	7
TCTAGCA	7
TCTAGCT	7
TCTAGTA	7
TCTAGTC	7
TCTAGTG	7
TCTATCA	7
TCTATCT	7
TCTATGA	7
TCTATGC	7
TCTATGT	7
TCTGACA	7
TCTGACG	7
TCTGACT	7
TCTGAGC	7
TCTGAGT	7
TCTGATA	7
TCTGATC	7
TCTGATG	7
TCTGCAC	7
TCTGCAG	7
TCTGCAT	7
TCTGCTA	7
TCTGCTC	7
TCTGTAC	7
TCTGTAG	7
TCTGTAT	7
TCTGTCA	7
TCTGTCG	7
TCTGTCT	7
TGACAGA	7
TGACAGC	7
TGACAGT	7
TGACATA	7
TGACATC	7
TGACATG	7
TGACGTC	7
TGACTAC	7
TGACTAG	7
TGACTAT	7
TGACTCA	7
TGACTGA	7
TGACTGC	7
TGACTGT	7
TGAGCAC	7
TGAGCAG	7
TGAGCAT	7
TGAGCTA	7
TGAGCTC	7
TGAGCTG	7
TGAGTAC	7
TGAGTAG	7
TGAGTAT	7
TGAGTCA	7
TGAGTCG	7
TGAGTCT	7
TGAGTGA	7
TGAGTGC	7
TGATACA	7
TGATACG	7
TGATACT	7
TGATAGA	7
TGATAGC	7
TGATAGT	7
TGATCAC	7
TGATCAG	7
TGATCAT	7
TGATCTA	7
TGATCTG	7
TGATGCA	7
TGATGCT	7
TGATGTA	7
TGATGTC	7
TGCACGA	7
TGCACGC	7
TGCACTA	7
TGCACTC	7
TGCACTG	7
TGCAGAC	7
TGCAGAT	7
TGCAGCG	7
TGCAGCT	7
TGCAGTA	7
TGCAGTC	7
TGCAGTG	7
TGCATAC	7
TGCATAG	7
TGCATCA	7
TGCATCT	7
TGCATGA	7
TGCATGC	7
TGCATGT	7
TGCGTCT	7
TGCGTGC	7
TGCTACA	7
TGCTACG	7
TGCTACT	7
TGCTAGA	7
TGCTAGC	7
TGCTAGT	7
TGCTATC	7
TGCTATG	7
TGCTCAC	7
TGCTCAG	7
TGCTCAT	7
TGCTCGA	7
TGCTCGT	7
TGCTGAC	7
TGCTGAG	7
TGCTGAT	7
TGCTGTA	7
TGCTGTC	7
TGTACAG	7
TGTACAT	7
TGTACGT	7
TGTACTA	7
TGTACTC	7
TGTACTG	7
TGTAGAC	7
TGTAGAT	7
TGTAGCA	7
TGTAGCT	7
TGTAGTC	7
TGTAGTG	7
TGTATCA	7
TGTATCG	7
TGTATCT	7
TGTATGA	7
TGTATGC	7
TGTATGT	7
TGTCACG	7
TGTCACT	7
TGTCAGA	7
TGTCAGC	7
TGTCAGT	7
TGTCATA	7
TGTCATC	7
TGTCATG	7
TGTCGAT	7
TGTCGCT	7
TGTCTAC	7
TGTCTAG	7
TGTCTAT	7
TGTCTGA	7
TGTCTGC	7
TGTCTGT	7
ACAGACAT	8
ACAGACGA	8
ACAGACTA	8
ACAGACTC	8
ACAGATAC	8
ACAGATAG	8
ACAGATCA	8
ACAGATCT	8
ACAGATGA	8
ACAGATGT	8
ACAGCACT	8
ACAGCATC	8
ACAGCATG	8
ACAGCTAC	8
ACAGCTAG	8
ACAGCTAT	8
ACAGCTCA	8
ACAGCTGA	8
ACAGCTGC	8
ACAGCTGT	8
ACAGTACA	8
ACAGTACT	8
ACAGTAGA	8
ACAGTAGC	8
ACAGTATC	8
ACAGTATG	8
ACAGTCAC	8
ACAGTCAG	8
ACAGTCTA	8
ACAGTGAC	8
ACAGTGAG	8
ACAGTGAT	8
ACATACAG	8
ACATACTC	8
ACATACTG	8
ACATAGAC	8
ACATAGAT	8
ACATAGCT	8
ACATAGTA	8
ACATAGTC	8
ACATAGTG	8
ACATCACT	8
ACATCAGA	8
ACATCAGC	8
ACATCAGT	8
ACATCTAC	8
ACATCTAG	8
ACATCTAT	8
ACATCTGA	8
ACATCTGC	8
ACATCTGT	8
ACATGACA	8
ACATGACT	8
ACATGAGT	8
ACATGATA	8
ACATGATC	8
ACATGCAC	8
ACATGCAG	8
ACATGCAT	8
ACATGCTA	8
ACATGCTC	8
ACATGCTG	8
ACATGTAC	8
ACATGTAG	8
ACATGTAT	8
ACATGTCA	8
ACATGTCT	8
ACGACAGA	8
ACGCATGC	8
ACGCTGAT	8
ACGTCAGC	8
ACGTCTGT	8
ACGTGATG	8
ACGTGCAC	8
ACGTGCAG	8
ACTACAGA	8
ACTACAGC	8
ACTACAGT	8
ACTACATA	8
ACTACATC	8
ACTAGACA	8
ACTAGATA	8
ACTAGATC	8
ACTAGATG	8
ACTAGCAG	8
ACTAGCGA	8
ACTAGCTA	8
ACTAGCTG	8
ACTAGTAT	8
ACTAGTCT	8
ACTAGTGA	8
ACTATCAC	8
ACTATCAG	8
ACTATCAT	8
ACTATCTA	8
ACTATCTG	8
ACTATGAC	8
ACTATGAT	8
ACTATGCT	8
ACTATGTA	8
ACTATGTC	8
ACTCACTG	8
ACTCAGAT	8
ACTCAGCA	8
ACTCAGCT	8
ACTCAGTA	8
ACTCAGTC	8
ACTCAGTG	8
ACTCATAC	8
ACTCATAG	8
ACTCATCT	8
ACTCATGA	8
ACTCATGC	8
ACTCATGT	8
ACTGACAG	8
ACTGACAT	8
ACTGACTC	8
ACTGAGCA	8
ACTGAGCT	8
ACTGAGTA	8
ACTGAGTC	8
ACTGAGTG	8
ACTGATAC	8
ACTGATAG	8
ACTGATCA	8
ACTGATCT	8
ACTGATGC	8
ACTGATGT	8
ACTGCACT	8
ACTGCAGA	8
ACTGCAGC	8
ACTGCAGT	8
ACTGCATA	8
ACTGCATG	8
ACTGCTAC	8
ACTGCTCA	8
ACTGTACA	8
ACTGTACT	8
ACTGTAGA	8
ACTGTAGC	8
ACTGTAGT	8
ACTGTATC	8
ACTGTATG	8
ACTGTCAC	8
ACTGTCAG	8
ACTGTCAT	8
ACTGTCTG	8
AGACAGAT	8
AGACAGCA	8
AGACAGCT	8
AGACAGTA	8
AGACAGTC	8
AGACAGTG	8
AGACATAC	8
AGACATAG	8
AGACATCA	8
AGACATCT	8
AGACATGA	8
AGACATGC	8
AGACATGT	8
AGACGCAG	8
AGACGCTG	8
AGACTACA	8
AGACTAGA	8
AGACTAGC	8
AGACTAGT	8
AGACTATG	8
AGACTCAC	8
AGACTCAG	8
AGACTCAT	8
AGACTGAC	8
AGACTGAG	8
AGACTGAT	8
AGACTGCA	8
AGACTGCT	8
AGACTGTA	8
AGACTGTC	8
AGATACAG	8
AGATACAT	8
AGATACTA	8
AGATACTC	8
AGATACTG	8
AGATAGAC	8
AGATAGCT	8
AGATAGTA	8
AGATAGTC	8
AGATAGTG	8
AGATCACG	8
AGATCACT	8
AGATCAGA	8
AGATCAGC	8
AGATCAGT	8
AGATCATA	8
AGATCATG	8
AGATCGAG	8
AGATCTAC	8
AGATCTAG	8
AGATCTAT	8
AGATCTGA	8
AGATCTGC	8
AGATCTGT	8
AGATGACA	8
AGATGACT	8
AGATGAGC	8
AGATGAGT	8
AGATGCAC	8
AGATGCAG	8
AGATGCAT	8
AGATGCTC	8
AGATGCTG	8
AGATGTAC	8
AGATGTAG	8
AGATGTAT	8
AGATGTCA	8
AGATGTCT	8
AGCACTAT	8
AGCACTGA	8
AGCACTGC	8
AGCACTGT	8
AGCAGACA	8
AGCAGACG	8
AGCAGACT	8
AGCAGATA	8
AGCAGATC	8
AGCAGATG	8
AGCAGTAC	8
AGCAGTAG	8
AGCAGTAT	8
AGCAGTCA	8
AGCAGTCT	8
AGCAGTGA	8
AGCAGTGC	8
AGCATAGA	8
AGCATAGC	8
AGCATAGT	8
AGCATCAC	8
AGCATCAG	8
AGCATCGC	8
AGCATCTA	8
AGCATCTG	8
AGCATGAC	8
AGCATGAG	8
AGCATGAT	8
AGCATGCA	8
AGCATGCT	8
AGCATGTA	8
AGCATGTC	8
AGCGAGCT	8
AGCGAGTA	8
AGCGAGTG	8
AGCGTATG	8
AGCTACAG	8
AGCTACAT	8
AGCTACTC	8
AGCTACTG	8
AGCTAGTA	8
AGCTAGTC	8
AGCTAGTG	8
AGCTATCA	8
AGCTATCT	8
AGCTATGA	8
AGCTCACT	8
AGCTCAGA	8
AGCTCAGC	8
AGCTCAGT	8
AGCTCATA	8
AGCTCATC	8
AGCTCATG	8
AGCTGACA	8
AGCTGAGC	8
AGCTGAGT	8
AGCTGATA	8
AGCTGATG	8
AGCTGCAG	8
AGCTGCAT	8
AGCTGTAG	8
AGCTGTAT	8
AGCTGTCA	8
AGCTGTCT	8
AGTACAGA	8
AGTACAGC	8
AGTACAGT	8
AGTACATA	8
AGTACATG	8
AGTACTAG	8
AGTACTAT	8
AGTACTCA	8
AGTACTGA	8
AGTACTGT	8
AGTAGACT	8
AGTAGATA	8
AGTAGATG	8
AGTAGCAC	8
AGTAGCAG	8
AGTAGCAT	8
AGTAGCTA	8
AGTAGCTG	8
AGTATCAC	8
AGTATCAG	8
AGTATCAT	8
AGTATCTA	8
AGTATCTG	8
AGTATGAC	8
AGTATGAG	8
AGTATGAT	8
AGTATGCT	8
AGTATGTA	8
AGTATGTC	8
AGTCACGT	8
AGTCACTA	8
AGTCACTC	8
AGTCACTG	8
AGTCAGAC	8
AGTCAGAT	8
AGTCAGCA	8
AGTCAGCT	8
AGTCAGTA	8
AGTCAGTG	8
AGTCATAC	8
AGTCATAG	8
AGTCATGA	8
AGTCATGC	8
AGTCATGT	8
AGTCTACA	8
AGTCTACT	8
AGTCTAGA	8
AGTCTAGC	8
AGTCTAGT	8
AGTCTATC	8
AGTCTATG	8
AGTCTGAC	8
AGTCTGAG	8
AGTCTGAT	8
AGTCTGCA	8
AGTCTGTA	8
AGTCTGTC	8
AGTGACAG	8
AGTGACAT	8
AGTGACTA	8
AGTGACTC	8
AGTGACTG	8
AGTGAGCA	8
AGTGAGCG	8
AGTGAGCT	8
AGTGAGTA	8
AGTGAGTC	8
AGTGATAC	8
AGTGATAG	8
AGTGATCA	8
AGTGATCT	8
AGTGATGC	8
AGTGATGT	8
AGTGCACT	8
AGTGCAGA	8
AGTGCAGC	8
AGTGCAGT	8
AGTGCATA	8
AGTGCATC	8
AGTGCATG	8
AGTGCGAT	8
AGTGCTAC	8
AGTGCTAG	8
AGTGCTCA	8
AGTGCTGT	8
ATACAGAC	8
ATACAGAT	8
ATACAGCA	8
ATACAGTA	8
ATACAGTC	8
ATACAGTG	8
ATACATAG	8
ATACATCA	8
ATACATCT	8
ATACATGA	8
ATACATGC	8
ATACATGT	8
ATACGTAT	8
ATACTAGA	8
ATACTAGC	8
ATACTAGT	8
ATACTATC	8
ATACTATG	8
ATACTCAC	8
ATACTCAG	8
ATACTCAT	8
ATACTGAC	8
ATACTGAG	8
ATACTGAT	8
ATACTGCA	8
ATACTGCT	8
ATACTGTA	8
ATACTGTC	8
ATAGACAG	8
ATAGACAT	8
ATAGACTA	8
ATAGACTC	8
ATAGACTG	8
ATAGATAC	8
ATAGATCA	8
ATAGATCT	8
ATAGATGA	8
ATAGATGC	8
ATAGATGT	8
ATAGCACT	8
ATAGCAGA	8
ATAGCAGT	8
ATAGCATA	8
ATAGCATC	8
ATAGCATG	8
ATAGCTAC	8
ATAGCTAG	8
ATAGCTAT	8
ATAGCTCA	8
ATAGCTGC	8
ATAGCTGT	8
ATAGTATC	8
ATAGTATG	8
ATAGTCAC	8
ATAGTCAT	8
ATAGTCTG	8
ATAGTGAC	8
ATAGTGAG	8
ATAGTGAT	8
ATAGTGCA	8
ATAGTGCT	8
ATCACTAC	8
ATCACTAT	8
ATCACTCA	8
ATCACTGA	8
ATCACTGC	8
ATCACTGT	8
ATCAGACA	8
ATCAGACT	8
ATCAGATA	8
ATCAGATC	8
ATCAGATG	8
ATCAGCAC	8
ATCAGCTC	8
ATCAGCTG	8
ATCAGTAC	8
ATCAGTAG	8
ATCAGTAT	8
ATCAGTCA	8
ATCAGTGA	8
ATCAGTGC	8
ATCATACA	8
ATCATACT	8
ATCATAGA	8
ATCATAGC	8
ATCATAGT	8
ATCATGAC	8
ATCATGAG	8
ATCATGAT	8
ATCATGCA	8
ATCATGCT	8
ATCATGTA	8
ATCATGTC	8
ATCGATCA	8
ATCGATGA	8
ATCGCACT	8
ATCGTGAG	8
ATCTACAG	8
ATCTACAT	8
ATCTACTG	8
ATCTAGAT	8
ATCTAGCA	8
ATCTAGCT	8
ATCTATCA	8
ATCTATCG	8
ATCTATGA	8
ATCTATGT	8
ATCTGACA	8
ATCTGAGC	8
ATCTGAGT	8
ATCTGATC	8
ATCTGATG	8
ATCTGCAC	8
ATCTGCAG	8
ATCTGCAT	8
ATCTGCTC	8
ATCTGTAC	8
ATCTGTAG	8
ATCTGTAT	8
ATCTGTCA	8
ATCTGTCG	8
ATCTGTCT	8
ATGACAGA	8
ATGACATA	8
ATGACATC	8
ATGACATG	8
ATGACTAC	8
ATGACTAG	8
ATGACTAT	8
ATGACTCA	8
ATGACTGA	8
ATGACTGC	8
ATGACTGT	8
ATGAGCAG	8
ATGAGCAT	8
ATGAGCTA	8
ATGAGCTC	8
ATGAGTAG	8
ATGAGTAT	8
ATGAGTCA	8
ATGAGTCT	8
ATGAGTGA	8
ATGAGTGC	8
ATGATACA	8
ATGATACT	8
ATGATAGA	8
ATGATAGC	8
ATGATCAC	8
ATGATCAG	8
ATGATCAT	8
ATGATCTG	8
ATGCACGA	8
ATGCACGC	8
ATGCACTC	8
ATGCACTG	8
ATGCAGAC	8
ATGCAGAT	8
ATGCAGCT	8
ATGCAGTA	8
ATGCAGTC	8
ATGCAGTG	8
ATGCATAC	8
ATGCATAG	8
ATGCATCA	8
ATGCATCT	8
ATGCATGA	8
ATGCATGT	8
ATGCGTAC	8
ATGCGTCT	8
ATGCGTGC	8
ATGCTACA	8
ATGCTAGT	8
ATGCTATG	8
ATGCTCAC	8
ATGCTCAG	8
ATGCTCAT	8
ATGCTGAC	8
ATGCTGAG	8
ATGCTGAT	8
ATGCTGTA	8
ATGCTGTC	8
ATGTACAG	8
ATGTACAT	8
ATGTACGC	8
ATGTACTA	8
ATGTACTC	8
ATGTACTG	8
ATGTAGAC	8
ATGTAGAT	8
ATGTAGCA	8
ATGTAGCT	8
ATGTAGTC	8
ATGTAGTG	8
ATGTATCT	8
ATGTATGA	8
ATGTATGC	8
ATGTCACT	8
ATGTCAGA	8
ATGTCAGC	8
ATGTCAGT	8
ATGTCATC	8
ATGTCATG	8
ATGTCGTG	8
ATGTCTAC	8
ATGTCTAG	8
ATGTCTAT	8
ATGTCTGC	8
ATGTCTGT	8
CACGATCT	8
CACGATGA	8
CACGCAGA	8
CACGCATG	8
CACGCTGA	8
CACGTACA	8
CACGTAGA	8
CACGTGCA	8
CACTACAG	8
CACTACAT	8
CACTAGAC	8
CACTAGAT	8
CACTAGCT	8
CACTATCA	8
CACTATCT	8
CACTATGA	8
CACTATGT	8
CACTCACG	8
CACTCAGA	8
CACTCAGC	8
CACTCAGT	8
CACTCATA	8
CACTCATC	8
CACTCATG	8
CACTGACA	8
CACTGACT	8
CACTGAGC	8
CACTGAGT	8
CACTGATC	8
CACTGATG	8
CACTGCAC	8
CACTGCAG	8
CACTGCAT	8
CACTGTAC	8
CACTGTAG	8
CACTGTAT	8
CACTGTCA	8
CACTGTCT	8
CAGACAGC	8
CAGACATA	8
CAGACATC	8
CAGACATG	8
CAGACTAC	8
CAGACTAG	8
CAGACTAT	8
CAGACTCA	8
CAGACTGT	8
CAGATACA	8
CAGATACT	8
CAGATAGA	8
CAGATAGC	8
CAGATCAG	8
CAGATCAT	8
CAGATCTG	8
CAGATGAC	8
CAGATGAG	8
CAGATGCA	8
CAGATGTA	8
CAGATGTC	8
CAGCACTA	8
CAGCACTC	8
CAGCACTG	8
CAGCATAC	8
CAGCATAG	8
CAGCATCA	8
CAGCATCT	8
CAGCATGA	8
CAGCATGC	8
CAGCATGT	8
CAGCGACT	8
CAGCTACT	8
CAGCTAGA	8
CAGCTAGT	8
CAGCTATG	8
CAGCTCAC	8
CAGCTCAG	8
CAGCTCAT	8
CAGCTGAC	8
CAGCTGAG	8
CAGCTGAT	8
CAGCTGCA	8
CAGCTGTA	8
CAGCTGTC	8
CAGTACAT	8
CAGTACTA	8
CAGTACTG	8
CAGTAGAC	8
CAGTAGAT	8
CAGTAGCT	8
CAGTATCA	8
CAGTATCT	8
CAGTATGA	8
CAGTATGT	8
CAGTCACT	8
CAGTCAGA	8
CAGTCAGC	8
CAGTCATA	8
CAGTCATC	8
CAGTCATG	8
CAGTCTAC	8
CAGTCTAT	8
CAGTCTGA	8
CAGTCTGC	8
CAGTCTGT	8
CAGTGACA	8
CAGTGACT	8
CAGTGAGC	8
CAGTGAGT	8
CAGTGATA	8
CAGTGATC	8
CAGTGATG	8
CAGTGCAC	8
CAGTGCAG	8
CAGTGCTA	8
CAGTGCTG	8
CATACAGA	8
CATACAGC	8
CATACAGT	8
CATACATC	8
CATACATG	8
CATACGTG	8
CATACTCA	8
CATACTGA	8
CATACTGC	8
CATACTGT	8
CATAGACA	8
CATAGATA	8
CATAGATC	8
CATAGATG	8
CATAGCAC	8
CATAGCAG	8
CATAGCTA	8
CATAGCTC	8
CATAGCTG	8
CATAGTAC	8
CATAGTAT	8
CATAGTCT	8
CATAGTGA	8
CATCACTA	8
CATCACTC	8
CATCACTG	8
CATCAGAT	8
CATCAGCA	8
CATCAGCT	8
CATCAGTG	8
CATCTACA	8
CATCTACT	8
CATCTAGC	8
CATCTAGT	8
CATCTATC	8
CATCTATG	8
CATCTGAC	8
CATCTGAG	8
CATCTGAT	8
CATCTGCA	8
CATCTGCT	8
CATCTGTC	8
CATGACAG	8
CATGACAT	8
CATGACTA	8
CATGACTC	8
CATGACTG	8
CATGAGCA	8
CATGAGCT	8
CATGAGTA	8
CATGAGTC	8
CATGAGTG	8
CATGATAC	8
CATGATAG	8
CATGATCA	8
CATGATCT	8
CATGCACG	8
CATGCACT	8
CATGCAGA	8
CATGCAGC	8
CATGCAGT	8
CATGCATA	8
CATGCATC	8
CATGCGTG	8
CATGCTAT	8
CATGCTCA	8
CATGCTGA	8
CATGCTGT	8
CATGTACA	8
CATGTACG	8
CATGTACT	8
CATGTAGA	8
CATGTAGC	8
CATGTAGT	8
CATGTATC	8
CATGTATG	8
CATGTCAC	8
CATGTCAG	8
CATGTCAT	8
CATGTCTA	8
CATGTCTG	8
CGAGCAGA	8
CGAGCGTC	8
CGATAGAT	8
CGCACGTA	8
CGCACGTG	8
CGCAGCTC	8
CGCTACTC	8
CGCTATCT	8
CGCTCACT	8
CGCTCAGA	8
CGCTCAGC	8
CGCTCATC	8
CGCTGTAC	8
CGTACATA	8
CGTACTGC	8
CGTATGTA	8
CGTCAGTA	8
CGTCAGTG	8
CGTCGACT	8
CGTCTACT	8
CGTCTGAT	8
CGTCTGCG	8
CGTCTGCT	8
CGTGAGCA	8
CGTGATCA	8
CGTGATCT	8
CGTGCAGA	8
CGTGCATG	8
CGTGCGTA	8
CTACAGAT	8
CTACAGCA	8
CTACAGTA	8
CTACAGTG	8
CTACATAC	8
CTACATAG	8
CTACATGT	8
CTACTCAC	8
CTACTCAG	8
CTACTCAT	8
CTACTGAC	8
CTACTGAG	8
CTACTGAT	8
CTACTGCT	8
CTACTGTA	8
CTACTGTC	8
CTAGACAG	8
CTAGACAT	8
CTAGACTC	8
CTAGACTG	8
CTAGATAC	8
CTAGATAG	8
CTAGATCT	8
CTAGATGA	8
CTAGATGT	8
CTAGCACT	8
CTAGCAGA	8
CTAGCAGT	8
CTAGCATA	8
CTAGCATG	8
CTAGCTAC	8
CTAGCTAT	8
CTAGCTCA	8
CTAGCTGT	8
CTAGTACA	8
CTAGTACT	8
CTAGTATC	8
CTAGTCAC	8
CTAGTCTA	8
CTAGTCTG	8
CTAGTGAC	8
CTAGTGAG	8
CTAGTGCT	8
CTATCACT	8
CTATCAGA	8
CTATCATA	8
CTATCTAC	8
CTATCTAG	8
CTATCTGA	8
CTATCTGC	8
CTATCTGT	8
CTATGACT	8
CTATGAGC	8
CTATGATA	8
CTATGATC	8
CTATGCAC	8
CTATGCGA	8
CTATGCTA	8
CTATGCTC	8
CTATGCTG	8
CTATGTAC	8
CTATGTAG	8
CTATGTAT	8
CTATGTCA	8
CTATGTCT	8
CTCACGAT	8
CTCACGTG	8
CTCACTAC	8
CTCACTAT	8
CTCACTCG	8
CTCACTGA	8
CTCACTGC	8
CTCACTGT	8
CTCAGACA	8
CTCAGACT	8
CTCAGATA	8
CTCAGATC	8
CTCAGATG	8
CTCAGCAT	8
CTCAGCTA	8
CTCAGCTC	8
CTCAGCTG	8
CTCAGTAC	8
CTCAGTAG	8
CTCAGTAT	8
CTCAGTCA	8
CTCAGTCT	8
CTCAGTGA	8
CTCAGTGC	8
CTCATACA	8
CTCATACT	8
CTCATAGA	8
CTCATAGC	8
CTCATAGT	8
CTCATCTA	8
CTCATCTG	8
CTCATGAC	8
CTCATGAG	8
CTCATGAT	8
CTCATGCA	8
CTCATGCT	8
CTCATGTA	8
CTCATGTC	8
CTCGATCA	8
CTCGATCT	8
CTCGATGC	8
CTCGCACG	8
CTCGCAGA	8
CTCGCAGC	8
CTCGCTGC	8
CTCGTGAC	8
CTCGTGAT	8
CTGACAGA	8
CTGACAGC	8
CTGACAGT	8
CTGACATA	8
CTGACATC	8
CTGACATG	8
CTGACTAG	8
CTGACTCA	8
CTGACTGC	8
CTGACTGT	8
CTGAGCAC	8
CTGAGCAG	8
CTGAGCAT	8
CTGAGCGA	8
CTGAGCTA	8
CTGAGCTC	8
CTGAGCTG	8
CTGAGTAG	8
CTGAGTAT	8
CTGAGTCA	8
CTGAGTCT	8
CTGAGTGA	8
CTGAGTGC	8
CTGATACA	8
CTGATACT	8
CTGATAGA	8
CTGATAGC	8
CTGATAGT	8
CTGATCAC	8
CTGATCAT	8
CTGATCTA	8
CTGATCTG	8
CTGATGCT	8
CTGATGTA	8
CTGATGTC	8
CTGCACGC	8
CTGCACTC	8
CTGCACTG	8
CTGCAGAC	8
CTGCAGAT	8
CTGCAGCT	8
CTGCAGTC	8
CTGCAGTG	8
CTGCATAC	8
CTGCATCA	8
CTGCATCT	8
CTGCATGA	8
CTGCATGC	8
CTGCATGT	8
CTGCGTGA	8
CTGCGTGC	8
CTGCTACA	8
CTGCTACT	8
CTGCTAGC	8
CTGCTATG	8
CTGCTCAC	8
CTGCTCAG	8
CTGCTCAT	8
CTGCTCGT	8
CTGTACAG	8
CTGTACAT	8
CTGTACTA	8
CTGTACTC	8
CTGTACTG	8
CTGTAGAC	8
CTGTAGAT	8
CTGTAGCA	8
CTGTAGCT	8
CTGTAGTC	8
CTGTATCA	8
CTGTATCT	8
CTGTATGA	8
CTGTATGT	8
CTGTCACT	8
CTGTCAGA	8
CTGTCAGC	8
CTGTCAGT	8
CTGTCATC	8
CTGTCATG	8
CTGTCGCT	8
CTGTCTAC	8
CTGTCTAT	8
CTGTCTGA	8
CTGTCTGC	8
GACAGACG	8
GACAGACT	8
GACAGATA	8
GACAGATC	8
GACAGATG	8
GACAGCAT	8
GACAGCTC	8
GACAGCTG	8
GACAGTAG	8
GACAGTAT	8
GACAGTCT	8
GACAGTGA	8
GACATACT	8
GACATAGA	8
GACATCAC	8
GACATGAG	8
GACATGAT	8
GACATGCA	8
GACGCAGA	8
GACGCAGC	8
GACGTCTG	8
GACGTGAT	8
GACTACAG	8
GACTACAT	8
GACTAGAT	8
GACTAGCA	8
GACTAGCT	8
GACTAGTG	8
GACTATCT	8
GACTATGA	8
GACTCACT	8
GACTCAGA	8
GACTCATG	8
GACTGACA	8
GACTGAGC	8
GACTGAGT	8
GACTGATA	8
GACTGATG	8
GACTGCAC	8
GACTGCAG	8
GACTGCAT	8
GACTGCTA	8
GACTGTAG	8
GACTGTCT	8
GAGCACTA	8
GAGCACTG	8
GAGCAGAC	8
GAGCAGAT	8
GAGCAGTG	8
GAGCATGA	8
GAGCATGT	8
GAGCGACA	8
GAGCGAGT	8
GAGCGTGC	8
GAGCTACA	8
GAGCTACT	8
GAGCTAGA	8
GAGCTATG	8
GAGCTCAG	8
GAGCTCAT	8
GAGCTCGC	8
GAGCTGAG	8
GAGCTGAT	8
GAGCTGCG	8
GAGCTGTA	8
GAGTACAG	8
GAGTACAT	8
GAGTACTG	8
GAGTAGCA	8
GAGTAGCT	8
GAGTATCA	8
GAGTATCT	8
GAGTATGA	8
GAGTATGC	8
GAGTATGT	8
GAGTCACT	8
GAGTCAGA	8
GAGTCAGT	8
GAGTCATA	8
GAGTCATG	8
GAGTCTAT	8
GAGTCTGA	8
GAGTCTGT	8
GAGTGACA	8
GAGTGAGC	8
GAGTGATA	8
GAGTGATG	8
GAGTGCAG	8
GAGTGCGT	8
GAGTGCTG	8
GATACAGC	8
GATACAGT	8
GATACATA	8
GATACATG	8
GATACTAG	8
GATACTAT	8
GATACTCA	8
GATACTGT	8
GATAGACA	8
GATAGACT	8
GATAGATC	8
GATAGATG	8
GATAGCAC	8
GATAGCAG	8
GATAGCTA	8
GATAGTAT	8
GATAGTGA	8
GATCACGA	8
GATCACTA	8
GATCACTG	8
GATCAGCA	8
GATCAGCT	8
GATCAGTA	8
GATCAGTC	8
GATCAGTG	8
GATCATAG	8
GATCATGA	8
GATCATGC	8
GATCATGT	8
GATCGTGC	8
GATCTACA	8
GATCTAGA	8
GATCTATG	8
GATCTGAC	8
GATCTGAG	8
GATCTGCA	8
GATCTGCT	8
GATCTGTC	8
GATGACAG	8
GATGACAT	8
GATGACTG	8
GATGAGCA	8
GATGAGCT	8
GATGAGTA	8
GATGAGTG	8
GATGCAGT	8
GATGCATA	8
GATGCATG	8
GATGCTAC	8
GATGCTCA	8
GATGCTGT	8
GATGTACA	8
GATGTACT	8
GATGTAGA	8
GATGTAGT	8
GATGTATG	8
GATGTCAC	8
GATGTCAG	8
GATGTCAT	8
GATGTCTA	8
GATGTCTG	8
GCACGCAT	8
GCACGCTC	8
GCACGTAG	8
GCACGTGC	8
GCACTAGA	8
GCACTCAG	8
GCACTCAT	8
GCACTGAC	8
GCACTGAG	8
GCACTGAT	8
GCACTGCA	8
GCACTGCT	8
GCACTGTA	8
GCAGACAG	8
GCAGACAT	8
GCAGACTG	8
GCAGATAC	8
GCAGATAG	8
GCAGATCA	8
GCAGATCT	8
GCAGATGA	8
GCAGATGC	8
GCAGATGT	8
GCAGCTAT	8
GCAGCTCA	8
GCAGCTGA	8
GCAGCTGC	8
GCAGCTGT	8
GCAGTAGA	8
GCAGTAGC	8
GCAGTATG	8
GCAGTCAC	8
GCAGTCAG	8
GCAGTCAT	8
GCAGTCTA	8
GCAGTGAC	8
GCAGTGAG	8
GCAGTGAT	8
GCAGTGCA	8
GCAGTGCT	8
GCATACAG	8
GCATACAT	8
GCATACTA	8
GCATACTG	8
GCATAGAT	8
GCATAGCA	8
GCATAGTA	8
GCATAGTC	8
GCATAGTG	8
GCATCACT	8
GCATCAGT	8
GCATCTAG	8
GCATCTAT	8
GCATCTGA	8
GCATCTGC	8
GCATCTGT	8
GCATGAGT	8
GCATGATC	8
GCATGCAC	8
GCATGCAG	8
GCATGCGT	8
GCATGCTG	8
GCATGTAT	8
GCGACAGA	8
GCGACTGA	8
GCGAGTGA	8
GCGATAGA	8
GCGATGAG	8
GCGTCACG	8
GCGTGAGT	8
GCGTGCAC	8
GCGTGCAT	8
GCTACAGA	8
GCTACAGT	8
GCTACATA	8
GCTACTCA	8
GCTACTCG	8
GCTAGACA	8
GCTAGACG	8
GCTAGATC	8
GCTAGCAG	8
GCTAGCAT	8
GCTAGTCA	8
GCTAGTCT	8
GCTAGTGA	8
GCTATCAG	8
GCTATCAT	8
GCTATCTA	8
GCTATCTG	8
GCTATGAG	8
GCTATGAT	8
GCTATGCA	8
GCTATGCT	8
GCTATGTA	8
GCTCACTA	8
GCTCACTC	8
GCTCACTG	8
GCTCAGAT	8
GCTCAGCA	8
GCTCAGCG	8
GCTCAGCT	8
GCTCAGTA	8
GCTCAGTG	8
GCTCATAC	8
GCTCATCT	8
GCTCGCTG	8
GCTGACAG	8
GCTGACAT	8
GCTGACTA	8
GCTGACTG	8
GCTGAGCA	8
GCTGAGTA	8
GCTGAGTG	8
GCTGATCA	8
GCTGATCT	8
GCTGATGT	8
GCTGCACT	8
GCTGCAGA	8
GCTGCAGC	8
GCTGCAGT	8
GCTGCATA	8
GCTGCATG	8
GCTGCGTC	8
GCTGTACT	8
GCTGTAGT	8
GCTGTCAG	8
GCTGTCAT	8
GCTGTCTA	8
GCTGTCTG	8
GTACAGAT	8
GTACAGTA	8
GTACAGTC	8
GTACAGTG	8
GTACATAC	8
GTACATAG	8
GTACATCA	8
GTACATGA	8
GTACATGC	8
GTACATGT	8
GTACGTAT	8
GTACTAGA	8
GTACTAGT	8
GTACTATG	8
GTACTCAG	8
GTACTCAT	8
GTACTGAC	8
GTACTGAG	8
GTACTGAT	8
GTACTGCT	8
GTAGACAG	8
GTAGACAT	8
GTAGACTG	8
GTAGATAC	8
GTAGATAG	8
GTAGATCA	8
GTAGATGA	8
GTAGCACT	8
GTAGCAGT	8
GTAGCATA	8
GTAGCATC	8
GTAGCATG	8
GTAGCTCA	8
GTAGCTGT	8
GTAGTCAG	8
GTAGTCAT	8
GTAGTCTA	8
GTAGTCTG	8
GTAGTGAG	8
GTAGTGCA	8
GTATCACT	8
GTATCAGA	8
GTATCAGT	8
GTATCATG	8
GTATCTAG	8
GTATCTAT	8
GTATCTGA	8
GTATCTGT	8
GTATGATA	8
GTATGCAT	8
GTATGCGT	8
GTATGCTG	8
GTATGTAC	8
GTATGTAG	8
GTATGTCA	8
GTATGTCG	8
GTCACGTG	8
GTCACTAG	8
GTCACTAT	8
GTCACTCA	8
GTCACTGA	8
GTCACTGC	8
GTCACTGT	8
GTCAGACT	8
GTCAGATC	8
GTCAGATG	8
GTCAGCAT	8
GTCAGCTA	8
GTCAGTCT	8
GTCAGTGA	8
GTCATACA	8
GTCATACT	8
GTCATAGA	8
GTCATCGT	8
GTCATCTA	8
GTCATCTG	8
GTCATGAG	8
GTCATGAT	8
GTCATGCA	8
GTCGCTGA	8
GTCGTGAG	8
GTCTACAT	8
GTCTAGAT	8
GTCTAGCT	8
GTCTAGTA	8
GTCTAGTC	8
GTCTAGTG	8
GTCTATCA	8
GTCTATCT	8
GTCTATGA	8
GTCTATGT	8
GTCTGACA	8
GTCTGACT	8
GTCTGAGC	8
GTCTGAGT	8
GTCTGATA	8
GTCTGCAC	8
GTCTGCAG	8
GTCTGCGA	8
GTCTGCTA	8
GTCTGCTC	8
GTCTGTAC	8
GTCTGTAG	8
GTCTGTAT	8
GTCTGTCA	8
GTGACAGA	8
GTGACAGC	8
GTGACAGT	8
GTGACATA	8
GTGACATC	8
GTGACATG	8
GTGACTAG	8
GTGACTAT	8
GTGACTCA	8
GTGACTCG	8
GTGACTGA	8
GTGACTGC	8
GTGACTGT	8
GTGAGCAG	8
GTGAGCAT	8
GTGAGCGA	8
GTGAGCTC	8
GTGAGCTG	8
GTGAGTAT	8
GTGAGTCA	8
GTGAGTGC	8
GTGATAGA	8
GTGATCAT	8
GTGATCTA	8
GTGATCTG	8
GTGATGCT	8
GTGCACGC	8
GTGCACGT	8
GTGCACTC	8
GTGCACTG	8
GTGCAGAC	8
GTGCAGCT	8
GTGCAGTA	8
GTGCAGTC	8
GTGCAGTG	8
GTGCATAC	8
GTGCATAG	8
GTGCATCA	8
GTGCATCT	8
GTGCATGA	8
GTGCATGC	8
GTGCATGT	8
GTGCGATG	8
GTGCGTGA	8
GTGCTACA	8
GTGCTACT	8
GTGCTAGA	8
GTGCTAGT	8
GTGCTATG	8
GTGCTCAC	8
GTGCTCAG	8
GTGCTCAT	8
GTGCTGAC	8
GTGCTGAG	8
GTGCTGTA	8
GTGCTGTC	8
TACAGACA	8
TACAGACG	8
TACAGATA	8
TACAGATG	8
TACAGCAC	8
TACAGCAT	8
TACAGCTA	8
TACAGCTC	8
TACAGCTG	8
TACAGTAG	8
TACAGTAT	8
TACAGTCA	8
TACAGTCT	8
TACAGTGA	8
TACAGTGC	8
TACATACT	8
TACATAGA	8
TACATAGC	8
TACATAGT	8
TACATCAC	8
TACATCAG	8
TACATCTA	8
TACATCTG	8
TACATGAC	8
TACATGAG	8
TACATGAT	8
TACATGCA	8
TACATGCT	8
TACATGTA	8
TACATGTC	8
TACGATGA	8
TACGTATG	8
TACGTCAC	8
TACGTGAT	8
TACTAGAC	8
TACTAGAT	8
TACTAGCA	8
TACTAGCT	8
TACTAGTA	8
TACTAGTG	8
TACTATCA	8
TACTATCT	8
TACTATGA	8
TACTATGC	8
TACTATGT	8
TACTCACT	8
TACTCAGA	8
TACTCAGC	8
TACTCAGT	8
TACTCATA	8
TACTCATC	8
TACTCATG	8
TACTGACA	8
TACTGACT	8
TACTGAGC	8
TACTGAGT	8
TACTGATC	8
TACTGATG	8
TACTGCAC	8
TACTGCAT	8
TACTGCTA	8
TACTGCTC	8
TACTGTAG	8
TACTGTAT	8
TACTGTCA	8
TACTGTCT	8
TAGACAGA	8
TAGACAGC	8
TAGACATA	8
TAGACATC	8
TAGACATG	8
TAGACTAG	8
TAGACTAT	8
TAGACTCA	8
TAGACTGA	8
TAGACTGC	8
TAGATACA	8
TAGATAGC	8
TAGATAGT	8
TAGATCAG	8
TAGATCAT	8
TAGATCTA	8
TAGATCTG	8
TAGATGAC	8
TAGATGAG	8
TAGATGCA	8
TAGATGCT	8
TAGATGTA	8
TAGATGTC	8
TAGCAGTA	8
TAGCAGTG	8
TAGCATAG	8
TAGCATCA	8
TAGCATCT	8
TAGCATGA	8
TAGCATGT	8
TAGCTACA	8
TAGCTACT	8
TAGCTAGA	8
TAGCTAGT	8
TAGCTATC	8
TAGCTATG	8
TAGCTCAC	8
TAGCTCAG	8
TAGCTCAT	8
TAGCTGAG	8
TAGCTGAT	8
TAGCTGCA	8
TAGCTGTA	8
TAGTACAG	8
TAGTACAT	8
TAGTACTA	8
TAGTACTC	8
TAGTACTG	8
TAGTATCA	8
TAGTATCT	8
TAGTATGA	8
TAGTATGC	8
TAGTATGT	8
TAGTCACT	8
TAGTCAGA	8
TAGTCAGC	8
TAGTCAGT	8
TAGTCATA	8
TAGTCATC	8
TAGTCATG	8
TAGTCTAC	8
TAGTCTAG	8
TAGTCTGA	8
TAGTCTGC	8
TAGTCTGT	8
TAGTGACA	8
TAGTGACT	8
TAGTGAGC	8
TAGTGAGT	8
TAGTGATA	8
TAGTGATC	8
TAGTGCAC	8
TAGTGCAG	8
TAGTGCAT	8
TAGTGCTA	8
TAGTGCTG	8
TATCACTA	8
TATCACTC	8
TATCACTG	8
TATCAGAT	8
TATCAGCA	8
TATCAGCT	8
TATCAGTA	8
TATCAGTC	8
TATCAGTG	8
TATCATAC	8
TATCATGA	8
TATCATGC	8
TATCATGT	8
TATCGACT	8
TATCGATA	8
TATCGCTA	8
TATCGTAT	8
TATCTACA	8
TATCTACT	8
TATCTAGA	8
TATCTAGC	8
TATCTAGT	8
TATCTATG	8
TATCTGAG	8
TATCTGAT	8
TATCTGTA	8
TATCTGTC	8
TATGACAT	8
TATGACTA	8
TATGACTC	8
TATGACTG	8
TATGAGCT	8
TATGAGTA	8
TATGAGTC	8
TATGAGTG	8
TATGATAC	8
TATGATCA	8
TATGATCT	8
TATGCACG	8
TATGCACT	8
TATGCAGA	8
TATGCAGC	8
TATGCAGT	8
TATGCATA	8
TATGCATC	8
TATGCATG	8
TATGCGTA	8
TATGCTAC	8
TATGCTAG	8
TATGCTAT	8
TATGCTCA	8
TATGCTGA	8
TATGCTGT	8
TATGTACA	8
TATGTACT	8
TATGTAGA	8
TATGTAGC	8
TATGTAGT	8
TATGTATC	8
TATGTCAC	8
TATGTCAT	8
TATGTCTA	8
TATGTCTG	8
TCACGAGT	8
TCACGATG	8
TCACTACA	8
TCACTAGT	8
TCACTATC	8
TCACTATG	8
TCACTCAG	8
TCACTCAT	8
TCACTCGC	8
TCACTGAC	8
TCACTGAG	8
TCACTGAT	8
TCACTGCA	8
TCACTGCT	8
TCACTGTA	8
TCACTGTC	8
TCAGACAG	8
TCAGACAT	8
TCAGACTA	8
TCAGACTC	8
TCAGACTG	8
TCAGATAC	8
TCAGATCA	8
TCAGATCT	8
TCAGATGA	8
TCAGATGC	8
TCAGATGT	8
TCAGCACT	8
TCAGCATA	8
TCAGCATC	8
TCAGCATG	8
TCAGCGTG	8
TCAGCTAC	8
TCAGCTAG	8
TCAGCTCA	8
TCAGCTGA	8
TCAGCTGC	8
TCAGCTGT	8
TCAGTACA	8
TCAGTACT	8
TCAGTAGA	8
TCAGTAGC	8
TCAGTATC	8
TCAGTATG	8
TCAGTCAC	8
TCAGTCAT	8
TCAGTCTA	8
TCAGTCTG	8
TCAGTGAC	8
TCAGTGAG	8
TCAGTGAT	8
TCATACAG	8
TCATACAT	8
TCATACGC	8
TCATACGT	8
TCATACTC	8
TCATACTG	8
TCATAGAC	8
TCATAGAT	8
TCATAGCA	8
TCATAGCT	8
TCATAGTA	8
TCATAGTG	8
TCATCTAC	8
TCATCTAG	8
TCATCTAT	8
TCATCTGA	8
TCATCTGC	8
TCATCTGT	8
TCATGACA	8
TCATGACT	8
TCATGAGC	8
TCATGAGT	8
TCATGATA	8
TCATGATC	8
TCATGCAG	8
TCATGCAT	8
TCATGCTA	8
TCATGCTC	8
TCATGCTG	8
TCATGTAC	8
TCATGTAG	8
TCATGTAT	8
TCATGTCA	8
TCATGTCT	8
TCGACTGC	8
TCGCAGTG	8
TCGCTCAC	8
TCGCTCAG	8
TCTACAGA	8
TCTACAGT	8
TCTACATA	8
TCTACATC	8
TCTACATG	8
TCTACTCA	8
TCTACTGT	8
TCTAGACA	8
TCTAGACT	8
TCTAGATA	8
TCTAGATC	8
TCTAGATG	8
TCTAGCAT	8
TCTAGCTA	8
TCTAGCTC	8
TCTAGTAT	8
TCTAGTCA	8
TCTAGTCT	8
TCTAGTGA	8
TCTAGTGC	8
TCTATCAC	8
TCTATCAG	8
TCTATCAT	8
TCTATCTG	8
TCTATGAC	8
TCTATGAG	8
TCTATGAT	8
TCTATGCA	8
TCTATGTA	8
TCTATGTC	8
TCTGACAG	8
TCTGACAT	8
TCTGACTA	8
TCTGACTC	8
TCTGACTG	8
TCTGAGCA	8
TCTGAGCT	8
TCTGAGTA	8
TCTGAGTC	8
TCTGAGTG	8
TCTGATAC	8
TCTGATCA	8
TCTGATCT	8
TCTGATGC	8
TCTGATGT	8
TCTGCACG	8
TCTGCACT	8
TCTGCAGA	8
TCTGCAGC	8
TCTGCAGT	8
TCTGCATA	8
TCTGCATC	8
TCTGCATG	8
TCTGCGTC	8
TCTGCTAC	8
TCTGCTCA	8
TCTGTACA	8
TCTGTACT	8
TCTGTAGA	8
TCTGTAGC	8
TCTGTAGT	8
TCTGTATC	8
TCTGTATG	8
TCTGTCAC	8
TCTGTCAG	8
TCTGTCAT	8
TCTGTCGC	8
TCTGTCTA	8
TGACAGAC	8
TGACAGAT	8
TGACAGCA	8
TGACAGCT	8
TGACAGTA	8
TGACAGTC	8
TGACAGTG	8
TGACATAC	8
TGACATAG	8
TGACATCA	8
TGACATCG	8
TGACATCT	8
TGACATGA	8
TGACATGC	8
TGACATGT	8
TGACGAGT	8
TGACTACA	8
TGACTATG	8
TGACTCAC	8
TGACTCAG	8
TGACTCAT	8
TGACTGAG	8
TGACTGAT	8
TGACTGCA	8
TGACTGCG	8
TGACTGTC	8
TGAGCACT	8
TGAGCAGA	8
TGAGCAGT	8
TGAGCATA	8
TGAGCATC	8
TGAGCATG	8
TGAGCTAC	8
TGAGCTAG	8
TGAGCTAT	8
TGAGCTCA	8
TGAGCTGA	8
TGAGCTGC	8
TGAGCTGT	8
TGAGTACA	8
TGAGTACT	8
TGAGTAGA	8
TGAGTAGC	8
TGAGTATC	8
TGAGTATG	8
TGAGTCAC	8
TGAGTCAG	8
TGAGTCAT	8
TGAGTCTA	8
TGAGTCTG	8
TGAGTGAC	8
TGAGTGCA	8
TGATACAG	8
TGATACAT	8
TGATACTA	8
TGATACTC	8
TGATACTG	8
TGATAGAC	8
TGATAGAT	8
TGATAGCA	8
TGATAGCT	8
TGATAGTA	8
TGATAGTC	8
TGATAGTG	8
TGATCACG	8
TGATCACT	8
TGATCAGT	8
TGATCATA	8
TGATCATG	8
TGATCGCA	8
TGATCTAC	8
TGATCTAG	8
TGATCTGA	8
TGATCTGC	8
TGATCTGT	8
TGATGCAG	8
TGATGCAT	8
TGATGCTA	8
TGATGCTC	8
TGATGCTG	8
TGATGTAG	8
TGATGTAT	8
TGATGTCA	8
TGATGTCT	8
TGCACGTA	8
TGCACGTG	8
TGCACTAC	8
TGCACTCA	8
TGCACTGA	8
TGCACTGC	8
TGCACTGT	8
TGCAGACA	8
TGCAGACT	8
TGCAGATA	8
TGCAGATC	8
TGCAGATG	8
TGCAGCTC	8
TGCAGCTG	8
TGCAGTAC	8
TGCAGTAG	8
TGCAGTCA	8
TGCAGTCT	8
TGCAGTGA	8
TGCAGTGC	8
TGCATACA	8
TGCATACG	8
TGCATAGA	8
TGCATAGC	8
TGCATAGT	8
TGCATCAC	8
TGCATCAG	8
TGCATCTG	8
TGCATGAC	8
TGCATGAG	8
TGCATGAT	8
TGCATGCG	8
TGCATGCT	8
TGCATGTA	8
TGCATGTC	8
TGCGATCT	8
TGCGTGCA	8
TGCTACAG	8
TGCTACAT	8
TGCTACTC	8
TGCTACTG	8
TGCTAGAC	8
TGCTAGAT	8
TGCTAGCA	8
TGCTAGCT	8
TGCTAGTA	8
TGCTAGTC	8
TGCTATCA	8
TGCTATCT	8
TGCTATGA	8
TGCTATGT	8
TGCTCACT	8
TGCTCAGA	8
TGCTCAGC	8
TGCTCAGT	8
TGCTCATA	8
TGCTCATC	8
TGCTCATG	8
TGCTGACA	8
TGCTGACT	8
TGCTGAGT	8
TGCTGATA	8
TGCTGATC	8
TGCTGATG	8
TGCTGTAG	8
TGCTGTAT	8
TGCTGTCA	8
TGCTGTCT	8
TGTACAGA	8
TGTACAGC	8
TGTACATA	8
TGTACATC	8
TGTACATG	8
TGTACGAC	8
TGTACTAT	8
TGTACTGA	8
TGTACTGC	8
TGTACTGT	8
TGTAGACA	8
TGTAGACT	8
TGTAGATA	8
TGTAGATC	8
TGTAGATG	8
TGTAGCAC	8
TGTAGCAT	8
TGTAGCTC	8
TGTAGCTG	8
TGTAGTCA	8
TGTAGTCT	8
TGTAGTGA	8
TGTAGTGC	8
TGTATCAC	8
TGTATCAG	8
TGTATCAT	8
TGTATCGT	8
TGTATCTA	8
TGTATCTG	8
TGTATGAC	8
TGTATGAG	8
TGTATGAT	8
TGTATGCA	8
TGTATGCT	8
TGTATGTC	8
TGTCACTA	8
TGTCACTC	8
TGTCACTG	8
TGTCAGAC	8
TGTCAGCA	8
TGTCAGTA	8
TGTCAGTC	8
TGTCAGTG	8
TGTCATAG	8
TGTCATCT	8
TGTCATGA	8
TGTCATGC	8
TGTCATGT	8
TGTCGATG	8
TGTCGCTC	8
TGTCTACA	8
TGTCTACT	8
TGTCTAGA	8
TGTCTAGC	8
TGTCTAGT	8
TGTCTATC	8
TGTCTATG	8
TGTCTGAC	8
TGTCTGAG	8
TGTCTGAT	8
TGTCTGCA	8
TGTCTGCT	8
TGTCTGTA	8
ACAGACTAG	9
ACAGACTAT	9
ACAGACTCA	9
ACAGATACT	9
ACAGATAGA	9
ACAGATGAC	9
ACAGATGAG	9
ACAGATGCT	9
ACAGCTAGC	9
ACAGCTCAG	9
ACAGCTGAG	9
ACAGCTGCA	9
ACAGCTGTA	9
ACAGTACAT	9
ACAGTATCA	9
ACAGTATGT	9
ACAGTCGAG	9
ACAGTGATG	9
ACATACAGT	9
ACATACTAT	9
ACATACTCA	9
ACATAGACA	9
ACATAGACT	9
ACATAGATC	9
ACATAGCTG	9
ACATAGTCT	9
ACATCACTA	9
ACATCACTC	9
ACATCACTG	9
ACATCAGAC	9
ACATCAGAT	9
ACATCTACA	9
ACATCTACT	9
ACATCTATG	9
ACATCTGTA	9
ACATCTGTC	9
ACATGACAG	9
ACATGACTG	9
ACATGAGTG	9
ACATGCATC	9
ACATGCTAC	9
ACATGCTGT	9
ACATGTAGA	9
ACATGTAGT	9
ACATGTATG	9
ACATGTCAC	9
ACATGTCTG	9
ACGCTCATC	9
ACGTGCAGA	9
ACTACAGAT	9
ACTACATAC	9
ACTACATGT	9
ACTAGACAG	9
ACTAGACTG	9
ACTAGTCAC	9
ACTAGTGAC	9
ACTATGCAT	9
ACTATGCTC	9
ACTATGTAG	9
ACTCACTAT	9
ACTCAGTCA	9
ACTCAGTGA	9
ACTCATAGA	9
ACTCGCTGT	9
ACTGAGCAC	9
ACTGATCTG	9
ACTGCACTG	9
ACTGCAGAC	9
ACTGCAGAT	9
ACTGCAGCT	9
ACTGCTACT	9
ACTGCTAGC	9
ACTGCTATG	9
ACTGTACAG	9
ACTGTACTG	9
ACTGTAGTC	9
ACTGTCACT	9
AGACAGATA	9
AGACAGTGA	9
AGACATACA	9
AGACATAGC	9
AGACATCTA	9
AGACATGAG	9
AGACATGAT	9
AGACATGCA	9
AGACGATAG	9
AGACGCACT	9
AGACTATCA	9
AGACTATGA	9
AGACTGAGC	9
AGACTGATA	9
AGACTGTAC	9
AGACTGTAT	9
AGATACAGA	9
AGATACAGT	9
AGATACTAG	9
AGATACTAT	9
AGATAGCTA	9
AGATAGTAT	9
AGATAGTCT	9
AGATCACGA	9
AGATCAGTG	9
AGATCTAGT	9
AGATCTGAG	9
AGATCTGCT	9
AGATGACAG	9
AGATGACTG	9
AGATGAGTG	9
AGATGCAGA	9
AGATGCAGC	9
AGATGCTAT	9
AGATGTCTA	9
AGATGTCTG	9
AGCAGACAT	9
AGCAGATCA	9
AGCAGTAGA	9
AGCAGTAGC	9
AGCAGTGAC	9
AGCAGTGAG	9
AGCATACTC	9
AGCATAGAC	9
AGCATAGTA	9
AGCATAGTG	9
AGCATCAGA	9
AGCGATCAT	9
AGCGATCTG	9
AGCGTCAGA	9
AGCTACAGA	9
AGCTACATA	9
AGCTACATG	9
AGCTACTCA	9
AGCTACTGT	9
AGCTATCAG	9
AGCTATGCA	9
AGCTATGTA	9
AGCTCACTG	9
AGCTCAGAC	9
AGCTCAGTG	9
AGCTGACTG	9
AGCTGAGTG	9
AGCTGATAC	9
AGCTGATGT	9
AGCTGCAGC	9
AGCTGTCAG	9
AGTACAGAT	9
AGTACAGCA	9
AGTACAGTA	9
AGTACATAG	9
AGTACTAGA	9
AGTACTCAC	9
AGTACTGAG	9
AGTAGACAT	9
AGTAGATAG	9
AGTAGATGA	9
AGTAGCAGT	9
AGTAGCTAC	9
AGTAGCTAG	9
AGTATCATG	9
AGTATCTGA	9
AGTATGACA	9
AGTATGACT	9
AGTATGAGT	9
AGTATGTAC	9
AGTCACTAT	9
AGTCACTGA	9
AGTCAGATA	9
AGTCAGATG	9
AGTCAGCTG	9
AGTCAGTAG	9
AGTCAGTGA	9
AGTCATGAG	9
AGTCATGTA	9
AGTCTACAG	9
AGTCTAGAT	9
AGTCTATGT	9
AGTCTGATG	9
AGTGACAGA	9
AGTGACAGC	9
AGTGACTCG	9
AGTGAGCTA	9
AGTGAGCTG	9
AGTGAGTAG	9
AGTGATACA	9
AGTGATACG	9
AGTGATAGA	9
AGTGATAGT	9
AGTGCACTC	9
AGTGCATAC	9
AGTGCATGA	9
AGTGCTGAG	9
AGTGCTGAT	9
ATACAGACA	9
ATACAGTAT	9
ATACATAGA	9
ATACATCAC	9
ATACATGAC	9
ATACATGTA	9
ATACGATGT	9
ATACTAGCA	9
ATACTATGA	9
ATACTCAGA	9
ATACTCAGT	9
ATACTCATA	9
ATACTCATC	9
ATACTGATG	9
ATAGACATA	9
ATAGACTAG	9
ATAGATACA	9
ATAGATACT	9
ATAGATCAT	9
ATAGATCGA	9
ATAGATCTA	9
ATAGCAGAC	9
ATAGCAGTA	9
ATAGCTACT	9
ATAGCTCAG	9
ATAGTACAT	9
ATAGTACTA	9
ATAGTATCA	9
ATAGTCTAC	9
ATAGTGATA	9
ATAGTGATG	9
ATAGTGCAC	9
ATAGTGCAG	9
ATCACTATG	9
ATCACTGTA	9
ATCAGACTC	9
ATCAGATAG	9
ATCAGATCA	9
ATCAGATCT	9
ATCAGCACT	9
ATCAGCATC	9
ATCAGCTGA	9
ATCAGCTGT	9
ATCAGTAGC	9
ATCAGTGAG	9
ATCATACAG	9
ATCATAGCT	9
ATCATAGTG	9
ATCATGATA	9
ATCGATACA	9
ATCGTCATC	9
ATCTACTGA	9
ATCTAGCAG	9
ATCTAGTCA	9
ATCTATCAT	9
ATCTATGTA	9
ATCTGAGCT	9
ATCTGAGTG	9
ATCTGATCA	9
ATCTGCACT	9
ATCTGCAGA	9
ATCTGCATG	9
ATCTGTACA	9
ATCTGTATC	9
ATCTGTATG	9
ATCTGTCAC	9
ATCTGTCAT	9
ATCTGTCTA	9
ATGACAGTG	9
ATGACATCA	9
ATGACATGT	9
ATGACTATC	9
ATGACTGAT	9
ATGACTGCA	9
ATGACTGTA	9
ATGAGCAGA	9
ATGAGCAGT	9
ATGAGTCAG	9
ATGATACAG	9
ATGATACAT	9
ATGATACTA	9
ATGATAGAT	9
ATGATAGCA	9
ATGATAGTA	9
ATGATAGTG	9
ATGATCACT	9
ATGATCAGA	9
ATGATCATG	9
ATGATCTAC	9
ATGATCTAG	9
ATGATCTAT	9
ATGATCTGA	9
ATGCATACA	9
ATGCATGAG	9
ATGCATGTA	9
ATGCATGTC	9
ATGCGTATG	9
ATGCTAGCA	9
ATGCTAGCT	9
ATGCTGATC	9
ATGCTGATG	9
ATGCTGTAT	9
ATGTACAGA	9
ATGTACATA	9
ATGTACTAG	9
ATGTACTGA	9
ATGTAGATA	9
ATGTAGTGA	9
ATGTATCAG	9
ATGTATCTA	9
ATGTATGAG	9
ATGTATGAT	9
ATGTCACTG	9
ATGTCTACA	9
ATGTCTAGA	9
ATGTCTATC	9
ATGTCTATG	9
ATGTCTGCA	9
CACGTCTGC	9
CACGTGCAG	9
CACTACAGA	9
CACTATCAC	9
CACTCAGCT	9
CACTCATCT	9
CACTGACAG	9
CACTGACAT	9
CACTGACTA	9
CACTGATCA	9
CACTGCACT	9
CACTGCAGC	9
CACTGCTAG	9
CACTGCTCA	9
CACTGTACA	9
CACTGTATG	9
CACTGTCAC	9
CACTGTCAG	9
CACTGTCAT	9
CACTGTCTA	9
CAGACATCT	9
CAGACTAGC	9
CAGACTCAT	9
CAGACTGAC	9
CAGACTGAG	9
CAGACTGAT	9
CAGATACTA	9
CAGATACTC	9
CAGATAGAC	9
CAGATCAGT	9
CAGATCTAT	9
CAGATGACA	9
CAGATGCAT	9
CAGATGCTC	9
CAGATGTCT	9
CAGCACTAG	9
CAGCACTGC	9
CAGCATACA	9
CAGCATACT	9
CAGCATCAC	9
CAGCATCAG	9
CAGCATCTG	9
CAGCATGAG	9
CAGCATGAT	9
CAGCATGTC	9
CAGCGTATC	9
CAGCTACTC	9
CAGCTAGAC	9
CAGCTAGTC	9
CAGCTCATC	9
CAGCTGCAC	9
CAGCTGCAG	9
CAGCTGCAT	9
CAGTACATA	9
CAGTAGATG	9
CAGTAGCAG	9
CAGTATCAG	9
CAGTATCAT	9
CAGTATCTG	9
CAGTATGAT	9
CAGTCATGT	9
CAGTCTAGC	9
CAGTGACTA	9
CAGTGACTC	9
CAGTGAGCT	9
CAGTGAGTA	9
CAGTGAGTC	9
CAGTGATCT	9
CAGTGATGC	9
CAGTGCTAG	9
CAGTGCTGT	9
CATACAGAT	9
CATACAGTG	9
CATACATGT	9
CATACTAGA	9
CATAGACTA	9
CATAGATCT	9
CATAGATGT	9
CATAGCTCA	9
CATAGCTGA	9
CATAGTACA	9
CATAGTATC	9
CATAGTCTA	9
CATCACTAC	9
CATCACTAT	9
CATCACTCA	9
CATCACTGT	9
CATCAGACA	9
CATCAGACT	9
CATCAGCAT	9
CATCGCTGC	9
CATCGTCAT	9
CATCTAGCT	9
CATCTATGC	9
CATCTATGT	9
CATCTGACA	9
CATCTGTAC	9
CATCTGTAG	9
CATCTGTAT	9
CATCTGTCT	9
CATGACAGT	9
CATGACATG	9
CATGACGCT	9
CATGACTGA	9
CATGACTGT	9
CATGAGTCA	9
CATGATAGA	9
CATGATAGC	9
CATGATCAC	9
CATGATCTA	9
CATGATCTG	9
CATGCAGTG	9
CATGCATAC	9
CATGCTATC	9
CATGCTCAC	9
CATGCTGTA	9
CATGTACTG	9
CATGTCACT	9
CATGTCATC	9
CATGTCTGA	9
CGAGTAGCT	9
CGAGTGACT	9
CGATGCTGA	9
CGCTGCAGA	9
CGCTGCAGC	9
CGTAGATGA	9
CGTGCATCT	9
CTACAGATC	9
CTACAGTGA	9
CTACATCTA	9
CTACATGCT	9
CTACATGTA	9
CTACATGTC	9
CTACTGCTA	9
CTACTGTAG	9
CTACTGTAT	9
CTACTGTCT	9
CTAGACTAT	9
CTAGACTCA	9
CTAGATAGC	9
CTAGATCAC	9
CTAGATGAG	9
CTAGCTACA	9
CTAGCTACT	9
CTAGTACTA	9
CTAGTCAGA	9
CTAGTCATC	9
CTAGTCTGT	9
CTATCAGCA	9
CTATCTAGC	9
CTATCTGCA	9
CTATCTGTA	9
CTATCTGTC	9
CTATGAGCT	9
CTATGATCA	9
CTATGCTAC	9
CTATGTCAT	9
CTCACTATG	9
CTCACTGAT	9
CTCACTGCA	9
CTCACTGCT	9
CTCACTGTA	9
CTCACTGTC	9
CTCAGACAG	9
CTCAGATAC	9
CTCAGCATA	9
CTCAGCATC	9
CTCAGCGAT	9
CTCAGCTCA	9
CTCAGCTGT	9
CTCAGTAGA	9
CTCAGTATC	9
CTCAGTGAC	9
CTCATACAT	9
CTCATCTGT	9
CTCATGATA	9
CTCATGCAG	9
CTCATGCTA	9
CTCATGCTG	9
CTCATGTAC	9
CTCGTATCT	9
CTGACAGCT	9
CTGACAGTG	9
CTGACTCAG	9
CTGACTGTA	9
CTGAGTATG	9
CTGAGTCTG	9
CTGATACAT	9
CTGATACTG	9
CTGATAGCT	9
CTGATCACT	9
CTGATCTGA	9
CTGATGCAC	9
CTGCACTCA	9
CTGCAGACA	9
CTGCAGATG	9
CTGCAGCTC	9
CTGCAGCTG	9
CTGCAGTCA	9
CTGCAGTGC	9
CTGCATACA	9
CTGCATAGA	9
CTGCATCAC	9
CTGCTACAG	9
CTGCTACTG	9
CTGCTAGCA	9
CTGTACAGA	9
CTGTACAGT	9
CTGTACATA	9
CTGTACGAG	9
CTGTACTAG	9
CTGTACTAT	9
CTGTACTGT	9
CTGTAGCAT	9
CTGTAGTCT	9
CTGTATGCA	9
CTGTCACTC	9
CTGTCACTG	9
CTGTCAGAT	9
CTGTCATAG	9
CTGTCATCT	9
CTGTCTGAC	9
CTGTCTGAT	9
CTGTCTGCA	9
GACAGATAG	9
GACAGATGA	9
GACAGATGT	9
GACAGTACT	9
GACAGTCAT	9
GACAGTCTG	9
GACAGTGAG	9
GACATACTG	9
GACATAGCA	9
GACATAGTG	9
GACATCAGT	9
GACATCTAG	9
GACATGACA	9
GACATGAGT	9
GACATGATA	9
GACATGCAT	9
GACATGTAG	9
GACATGTAT	9
GACGAGCAG	9
GACTAGACT	9
GACTAGATG	9
GACTATCTG	9
GACTCAGAT	9
GACTCAGCA	9
GACTCAGTG	9
GACTCATAC	9
GACTCATGA	9
GACTGAGCT	9
GACTGATAC	9
GACTGTATC	9
GAGCAGATA	9
GAGCAGATG	9
GAGCAGTAT	9
GAGCATAGA	9
GAGCATGAC	9
GAGCTCAGA	9
GAGCTCGTG	9
GAGCTGACG	9
GAGCTGATG	9
GAGCTGCAG	9
GAGTACATA	9
GAGTAGCTG	9
GAGTATCTA	9
GAGTCTGAC	9
GAGTCTGCT	9
GAGTGACAG	9
GAGTGAGCT	9
GAGTGATAG	9
GAGTGCAGT	9
GAGTGCTCA	9
GATACAGAC	9
GATACAGAT	9
GATACTAGA	9
GATACTGAG	9
GATAGACTG	9
GATAGATCA	9
GATAGCAGA	9
GATAGTACA	9
GATAGTGAT	9
GATCACTAG	9
GATCATGTA	9
GATCTAGAC	9
GATCTGATA	9
GATGACAGA	9
GATGAGCTA	9
GATGAGCTC	9
GATGAGTGA	9
GATGCAGAT	9
GATGCATCA	9
GATGCTGAG	9
GATGCTGAT	9
GATGCTGTA	9
GATGTCAGA	9
GATGTCATG	9
GATGTCTGA	9
GCACTACAG	9
GCACTAGTA	9
GCAGACGCA	9
GCAGATAGA	9
GCAGATCAG	9
GCAGCTCAG	9
GCAGCTGCA	9
GCAGTAGCA	9
GCAGTGATA	9
GCAGTGCAC	9
GCATAGACT	9
GCATAGCTG	9
GCATCTACT	9
GCATCTGAG	9
GCATGTACT	9
GCGAGCAGA	9
GCTACAGCG	9
GCTACAGCT	9
GCTAGACAT	9
GCTAGATGA	9
GCTATCATA	9
GCTATCTGT	9
GCTATGATA	9
GCTATGCTA	9
GCTCACGCA	9
GCTCACTGA	9
GCTCACTGC	9
GCTCAGACA	9
GCTCAGCTG	9
GCTCAGTGA	9
GCTCGCTGA	9
GCTGAGCAG	9
GCTGAGCTC	9
GCTGAGCTG	9
GCTGAGTAG	9
GCTGATCTA	9
GCTGATGCA	9
GCTGATGCG	9
GCTGCACTG	9
GCTGCAGCT	9
GCTGCAGTG	9
GCTGCATGA	9
GCTGCATGT	9
GCTGTCGCT	9
GCTGTCTGA	9
GTACAGATA	9
GTACAGCTC	9
GTACAGCTG	9
GTACAGTAG	9
GTACAGTGA	9
GTACATACT	9
GTACATCTG	9
GTACTATGT	9
GTAGACATG	9
GTAGATCAT	9
GTAGATCTA	9
GTAGCAGTA	9
GTAGCATCT	9
GTAGCTACT	9
GTAGCTCAC	9
GTAGCTGTA	9
GTAGTCATA	9
GTAGTGAGC	9
GTAGTGATG	9
GTAGTGCAT	9
GTATCACTA	9
GTATCATGA	9
GTATCATGT	9
GTATCGTAT	9
GTATCTAGA	9
GTATCTGAT	9
GTATCTGCA	9
GTATGTACA	9
GTCACGTGA	9
GTCACTAGA	9
GTCACTCAG	9
GTCACTGAT	9
GTCACTGTA	9
GTCAGCTCG	9
GTCATACAG	9
GTCATCGTC	9
GTCATGCTG	9
GTCGAGCGT	9
GTCTACAGA	9
GTCTACTCA	9
GTCTGAGCT	9
GTCTGTATG	9
GTGACAGTG	9
GTGACATAC	9
GTGACATCA	9
GTGACTACA	9
GTGACTAGA	9
GTGACTCAG	9
GTGACTGAG	9
GTGACTGAT	9
GTGACTGCA	9
GTGAGCTGT	9
GTGAGTAGA	9
GTGAGTCTA	9
GTGAGTCTG	9
GTGATACAT	9
GTGATAGAT	9
GTGATAGTG	9
GTGATCTGT	9
GTGCACGTG	9
GTGCACTGC	9
GTGCAGCTG	9
GTGCATGAG	9
GTGCTACTC	9
GTGCTAGCA	9
GTGCTCAGC	9
TACAGACTG	9
TACAGATGA	9
TACAGCTAC	9
TACAGTACA	9
TACAGTACT	9
TACAGTATG	9
TACAGTCAC	9
TACAGTCTG	9
TACAGTGAG	9
TACATACTG	9
TACATAGCA	9
TACATGATA	9
TACATGTAT	9
TACGACTGA	9
TACTAGATA	9
TACTAGCTG	9
TACTAGTAT	9
TACTATCAT	9
TACTATGAT	9
TACTATGTA	9
TACTCAGCT	9
TACTCATCT	9
TACTGAGCT	9
TACTGATGT	9
TACTGCACT	9
TACTGCAGT	9
TACTGTATG	9
TAGACATCT	9
TAGACTACA	9
TAGACTCAG	9
TAGACTCAT	9
TAGACTGAT	9
TAGATACAT	9
TAGATACTA	9
TAGATAGTG	9
TAGATCTAT	9
TAGATGACA	9
TAGATGTCT	9
TAGCACTAG	9
TAGCACTGA	9
TAGCAGTAT	9
TAGCAGTGA	9
TAGCATACA	9
TAGCATCTA	9
TAGCTATCA	9
TAGCTATGT	9
TAGCTCACT	9
TAGCTGTAG	9
TAGTACTAT	9
TAGTACTCA	9
TAGTATCAT	9
TAGTCAGAT	9
TAGTCAGTG	9
TAGTCATAC	9
TAGTCATGT	9
TAGTCTATG	9
TAGTCTGAT	9
TAGTCTGTC	9
TAGTGACTC	9
TAGTGATAC	9
TATCACTAG	9
TATCACTGA	9
TATCACTGT	9
TATCAGATA	9
TATCAGCTC	9
TATCAGTAC	9
TATCAGTAT	9
TATCAGTGA	9
TATCATACA	9
TATCATAGA	9
TATCATGAT	9
TATCATGCA	9
TATCATGCT	9
TATCATGTC	9
TATCTACAT	9
TATCTACTC	9
TATCTAGAT	9
TATCTAGCA	9
TATCTATGT	9
TATCTGCAG	9
TATCTGCTA	9
TATGACATA	9
TATGACATG	9
TATGACTCA	9
TATGAGCAT	9
TATGAGTGA	9
TATGATACA	9
TATGATACT	9
TATGATCAC	9
TATGATCAT	9
TATGCAGTG	9
TATGCATAG	9
TATGCATCT	9
TATGCATGT	9
TATGCTAGC	9
TATGCTAGT	9
TATGCTATC	9
TATGCTGAT	9
TATGCTGTC	9
TATGTACAT	9
TATGTACTC	9
TATGTAGAT	9
TATGTATCA	9
TATGTCAGC	9
TATGTCATG	9
TATGTCTAC	9
TATGTCTAT	9
TATGTCTGT	9
TCACTAGAC	9
TCACTAGCT	9
TCACTATCA	9
TCACTATGA	9
TCACTCAGT	9
TCACTCATA	9
TCACTCATC	9
TCACTCATG	9
TCACTGAGC	9
TCACTGATA	9
TCACTGCAG	9
TCACTGCTA	9
TCACTGTCA	9
TCAGACAGC	9
TCAGACTGA	9
TCAGATACA	9
TCAGATAGA	9
TCAGATCAT	9
TCAGATCTA	9
TCAGATGTA	9
TCAGCACTC	9
TCAGCATCA	9
TCAGCTACA	9
TCAGCTCAC	9
TCAGTACTC	9
TCAGTAGCA	9
TCAGTATCA	9
TCAGTATGA	9
TCAGTATGT	9
TCAGTCTAT	9
TCAGTGATG	9
TCAGTGCTA	9
TCAGTGCTC	9
TCATACATG	9
TCATAGATA	9
TCATAGCTC	9
TCATAGTCA	9
TCATCGTCA	9
TCATCTACG	9
TCATCTGAC	9
TCATCTGAG	9
TCATGACTG	9
TCATGAGCT	9
TCATGATCT	9
TCATGCAGC	9
TCATGTAGA	9
TCATGTCAT	9
TCATGTCTA	9
TCGATCTAC	9
TCGTATCAC	9
TCTACAGAC	9
TCTACAGTA	9
TCTACATAC	9
TCTACATAG	9
TCTACATCA	9
TCTACGATA	9
TCTACTGAC	9
TCTAGATAC	9
TCTAGATAG	9
TCTAGATCT	9
TCTAGTACA	9
TCTAGTACT	9
TCTAGTATC	9
TCTAGTGCA	9
TCTAGTGCT	9
TCTATCAGA	9
TCTATCATA	9
TCTATCGTG	9
TCTATGACA	9
TCTATGAGT	9
TCTATGCTG	9
TCTATGTAC	9
TCTATGTAT	9
TCTATGTCA	9
TCTGACAGA	9
TCTGACAGC	9
TCTGACTGC	9
TCTGAGTAC	9
TCTGAGTAG	9
TCTGAGTCA	9
TCTGATACT	9
TCTGCACGT	9
TCTGCACTC	9
TCTGCAGCG	9
TCTGCAGCT	9
TCTGCAGTA	9
TCTGCAGTG	9
TCTGTACAT	9
TCTGTACTA	9
TCTGTACTC	9
TCTGTACTG	9
TCTGTCACT	9
TCTGTCAGT	9
TCTGTCATG	9
TCTGTCTAC	9
TGACAGATA	9
TGACAGATG	9
TGACAGCTA	9
TGACAGCTG	9
TGACAGTAC	9
TGACAGTGA	9
TGACATACT	9
TGACATCTG	9
TGACATGAT	9
TGACATGCT	9
TGACTACAG	9
TGACTACAT	9
TGACTAGAT	9
TGACTAGTG	9
TGACTCACT	9
TGACTGATC	9
TGACTGATG	9
TGACTGCAG	9
TGACTGTCT	9
TGAGCACTC	9
TGAGCTAGT	9
TGAGCTATG	9
TGAGCTCAT	9
TGAGCTGAG	9
TGAGCTGCG	9
TGAGTAGCT	9
TGAGTATCA	9
TGAGTATGA	9
TGAGTCAGT	9
TGAGTGACT	9
TGATACAGA	9
TGATACTGA	9
TGATACTGC	9
TGATAGTAC	9
TGATAGTAT	9
TGATAGTGA	9
TGATCATAC	9
TGATGCTGA	9
TGATGTACA	9
TGATGTATG	9
TGCACTGAC	9
TGCAGACAT	9
TGCAGATGC	9
TGCAGCTGC	9
TGCAGTCAG	9
TGCAGTCTG	9
TGCAGTGAC	9
TGCAGTGAG	9
TGCATACTG	9
TGCATAGAT	9
TGCATAGCA	9
TGCATAGTG	9
TGCATCACT	9
TGCATCTAG	9
TGCATCTAT	9
TGCATCTGT	9
TGCATGACA	9
TGCGTGAGC	9
TGCTACTGC	9
TGCTACTGT	9
TGCTAGATA	9
TGCTAGATC	9
TGCTAGCTG	9
TGCTAGTGA	9
TGCTATCAT	9
TGCTATGAG	9
TGCTATGCA	9
TGCTATGTC	9
TGCTCACTG	9
TGCTCAGAT	9
TGCTCATGT	9
TGCTCGTGA	9
TGCTGATGC	9
TGCTGTAGA	9
TGCTGTCAC	9
TGCTGTCAG	9
TGTACAGAT	9
TGTACATAG	9
TGTACATGA	9
TGTACTATG	9
TGTACTGAG	9
TGTAGACTC	9
TGTAGATAC	9
TGTAGCTAT	9
TGTAGCTGA	9
TGTAGTGCA	9
TGTATCAGC	9
TGTATCATA	9
TGTATCTAT	9
TGTATGAGT	9
TGTATGTCT	9
TGTCACTAC	9
TGTCACTAT	9
TGTCACTGT	9
TGTCAGATA	9
TGTCAGCGA	9
TGTCAGTGA	9
TGTCATCTA	9
TGTCATGAG	9
TGTCATGAT	9
TGTCATGTA	9
TGTCTACAT	9
TGTCTAGCA	9
TGTCTAGCT	9
TGTCTGATG	9
TGTCTGCAG	9
TGTCTGTAG	9
ACAGACATAC	10
ACAGACTCAC	10
ACAGATACAG	10
ACAGATGCAC	10
ACAGATGCAG	10
ACAGCTACAG	10
ACATAGACAT	10
ACATAGCACT	10
ACATAGCATA	10
ACATCACTGA	10
ACATCACTGT	10
ACATCTGCAC	10
ACATGAGCAC	10
ACATGCACGT	10
ACATGCACTC	10
ACATGCATAC	10
ACATGCTGTA	10
ACATGTACAG	10
ACGTCAGTCT	10
ACTAGATCAG	10
ACTATCTGCT	10
ACTATGCTAT	10
ACTATGTATC	10
ACTCAGATGT	10
ACTCAGTACT	10
ACTGATACTC	10
ACTGATAGAT	10
ACTGTATCAT	10
ACTGTATCTA	10
ACTGTCAGTC	10
AGACATGCAG	10
AGACTAGCAG	10
AGACTAGTCT	10
AGACTCATGA	10
AGACTGATAG	10
AGATACAGAC	10
AGATAGTACA	10
AGATCACGCT	10
AGATCAGACA	10
AGATCTAGTA	10
AGATGACATC	10
AGATGACTGT	10
AGATGCTAGT	10
AGATGTAGAC	10
AGATGTATCT	10
AGCAGACAGT	10
AGCAGTCGTG	10
AGCATCACTC	10
AGCATCAGCT	10
AGCATGAGTC	10
AGCTACTCAG	10
AGCTATCATG	10
AGCTCACTGC	10
AGCTCAGCTG	10
AGCTGAGCAG	10
AGCTGAGTCA	10
AGCTGTACTA	10
AGCTGTCATC	10
AGTACAGCAT	10
AGTACAGCTC	10
AGTACAGTAT	10
AGTAGCTATG	10
AGTCATCTAG	10
AGTCATCTAT	10
AGTCATGCAC	10
AGTCTATGTC	10
AGTCTGAGTC	10
AGTGACATCT	10
AGTGACTGCA	10
AGTGACTGTA	10
AGTGAGCTAT	10
AGTGAGCTGA	10
AGTGATGTCA	10
AGTGCATAGT	10
AGTGCATCAC	10
AGTGCTAGTG	10
ATACAGATAC	10
ATACATAGAT	10
ATACATGTAC	10
ATACATGTAT	10
ATACTAGTAT	10
ATACTGATAC	10
ATACTGTATG	10
ATAGACAGAT	10
ATAGATACAG	10
ATAGATACAT	10
ATAGATCTAT	10
ATAGCTGTCT	10
ATCACTAGTG	10
ATCACTCAGA	10
ATCACTCAGC	10
ATCAGATCAC	10
ATCAGCTCAG	10
ATCAGTAGCA	10
ATCATAGTAT	10
ATCATAGTCT	10
ATCTACATAC	10
ATCTAGATAG	10
ATCTAGCTGC	10
ATCTATCAGC	10
ATCTGTATCT	10
ATCTGTCTAT	10
ATGACAGATA	10
ATGACAGATC	10
ATGACAGCTA	10
ATGACAGCTG	10
ATGACTACAT	10
ATGACTCATA	10
ATGACTGATG	10
ATGAGCATCT	10
ATGAGTACTC	10
ATGATACATA	10
ATGATCTAGA	10
ATGCATGTAC	10
ATGCATGTAT	10
ATGCTACATA	10
ATGCTATGTA	10
ATGCTCAGTA	10
ATGTACATGC	10
ATGTACTATG	10
ATGTAGACTA	10
ATGTAGATCT	10
ATGTATCAGA	10
ATGTATGACT	10
ATGTATGCAT	10
ATGTCAGTCT	10
ATGTCTGACA	10
ATGTCTGCAG	10
ATGTCTGTAG	10
CACGTCACTG	10
CACTAGACAG	10
CACTCAGCTG	10
CACTCATACA	10
CACTCATACT	10
CACTGAGTAG	10
CACTGCACTC	10
CAGACATGTA	10
CAGACTCGAC	10
CAGACTGTCT	10
CAGATACAGC	10
CAGATACTGA	10
CAGATGTATC	10
CAGCATCTAT	10
CAGCTACTCA	10
CAGCTATGAG	10
CAGCTCACTG	10
CAGCTCATGA	10
CAGCTGACAG	10
CAGCTGATAC	10
CAGTAGACTC	10
CAGTAGCTAC	10
CAGTCACTCA	10
CAGTCTACAG	10
CAGTGAGTAG	10
CAGTGCTATC	10
CATACATCAG	10
CATACATGCA	10
CATACATGTA	10
CATACGCATA	10
CATAGCAGAC	10
CATAGCTGCA	10
CATCACTATC	10
CATCACTATG	10
CATCACTCAT	10
CATCACTGAC	10
CATCACTGAT	10
CATCACTGTC	10
CATCAGACTC	10
CATCTAGCAT	10
CATCTGACTG	10
CATCTGAGTG	10
CATCTGATCT	10
CATGACTGTA	10
CATGAGTGCT	10
CATGCATACA	10
CATGTACATA	10
CATGTCAGTG	10
CATGTCTACT	10
CATGTCTATC	10
CATGTCTGAG	10
CGCTCGCAGC	10
CGTGATCTGA	10
CTACATAGAT	10
CTACTGTACT	10
CTAGTACATA	10
CTATCATGAT	10
CTATCTGTAG	10
CTATGTACAT	10
CTATGTCATA	10
CTCACTAGTC	10
CTCACTGTAG	10
CTCACTGTAT	10
CTCACTGTCA	10
CTCAGATCAT	10
CTCAGCATCT	10
CTCAGTATGA	10
CTCAGTCTGA	10
CTCAGTGACA	10
CTGACATGTA	10
CTGACTAGAT	10
CTGAGCATGT	10
CTGAGTAGCT	10
CTGCAGTGAG	10
CTGCTAGATA	10
CTGCTCAGTC	10
CTGCTCATAC	10
CTGTACAGTA	10
CTGTATCTAG	10
GACATAGACT	10
GACTATGAGT	10
GACTCATAGA	10
GAGCAGTGCA	10
GAGCTACAGT	10
GAGTACAGTG	10
GAGTAGCTGC	10
GAGTATGTAG	10
GAGTCACTAG	10
GAGTCATACT	10
GAGTCTATCA	10
GAGTGCAGTG	10
GATACAGATG	10
GATCACTGCA	10
GATCATGTCA	10
GATGACTGAG	10
GATGAGTACT	10
GATGCAGACA	10
GATGCTGTCA	10
GCAGATAGTA	10
GCAGCTACTC	10
GCAGTAGATA	10
GCAGTGACAG	10
GCAGTGAGCT	10
GCATCACTAG	10
GCATCAGACT	10
GCATGACAGT	10
GCATGACTCA	10
GCTACAGCTA	10
GCTACAGTGA	10
GCTATGAGCT	10
GCTCACTGCA	10
GCTGAGCTCA	10
GCTGAGTCTG	10
GCTGCAGTAC	10
GCTGCAGTGA	10
GCTGTAGACT	10
GTACAGCATG	10
GTACATGACT	10
GTACATGTAT	10
GTACATGTCA	10
GTACTGAGCT	10
GTACTGCATG	10
GTAGACATGA	10
GTAGACTAGT	10
GTAGATAGTA	10
GTATCTGCAT	10
GTATGCATGT	10
GTCAGTGAGT	10
GTCTAGTATG	10
GTCTATGCAT	10
GTGACTAGCT	10
GTGAGTCTGT	10
GTGATAGTGA	10
GTGATGTATG	10
GTGATGTCTG	10
GTGCAGTCTG	10
GTGCAGTGAT	10
GTGCATCTGT	10
GTGCATGCGT	10
GTGCATGCTC	10
GTGCGTCTGT	10
GTGCTGATGT	10
TACAGACATA	10
TACAGTATCA	10
TACAGTGCAG	10
TACATGCTGT	10
TACATGTAGA	10
TACTAGACTA	10
TACTAGACTG	10
TACTAGCTAT	10
TACTATGCTA	10
TAGATACAGA	10
TAGATACATA	10
TAGATACATG	10
TAGATCTAGT	10
TAGATGACTG	10
TAGATGCAGA	10
TAGCAGATAC	10
TAGCAGATGA	10
TAGCTAGTCT	10
TAGCTGCATC	10
TAGTACTAGT	10
TAGTATCAGA	10
TAGTATCTGC	10
TAGTCTAGTG	10
TAGTCTATCA	10
TAGTCTGTAT	10
TAGTGAGCTA	10
TATCATGATA	10
TATCGTATCA	10
TATCTATGAC	10
TATCTGCATG	10
TATCTGCTCA	10
TATCTGTATG	10
TATGATCTAT	10
TATGCTAGCA	10
TATGCTGTAG	10
TATGTACATA	10
TATGTACATG	10
TATGTAGATA	10
TCACTAGTGA	10
TCACTGACAG	10
TCACTGTAGC	10
TCAGACTATC	10
TCAGACTCAT	10
TCAGATGCAG	10
TCAGATGCAT	10
TCAGCTGACT	10
TCAGTAGCAT	10
TCAGTATCAT	10
TCAGTATCTG	10
TCAGTCTATG	10
TCAGTGACGT	10
TCAGTGATGT	10
TCATCTATGT	10
TCATCTGATG	10
TCATCTGCAT	10
TCATGATAGC	10
TCATGTCATC	10
TCTACAGATA	10
TCTAGCTGAG	10
TCTAGTCTAT	10
TCTATCAGCA	10
TCTATCTGTC	10
TCTATGTATC	10
TCTGACTATC	10
TCTGCTAGCT	10
TCTGCTAGTC	10
TCTGTAGATG	10
TCTGTATCTA	10
TCTGTCTATC	10
TGACATGTCA	10
TGACTCAGCA	10
TGACTCAGTG	10
TGACTGAGCT	10
TGACTGCAGC	10
TGAGTAGCTG	10
TGAGTCTATC	10
TGAGTCTGAC	10
TGAGTGCATA	10
TGAGTGCTGT	10
TGATACAGTC	10
TGATAGCATG	10
TGATAGTACT	10
TGATCACTCA	10
TGATCAGTCA	10
TGATCATAGC	10
TGATGCACTG	10
TGATGCATCT	10
TGATGCTGAT	10
TGATGTAGTC	10
TGATGTCAGC	10
TGCACGCATG	10
TGCACTGCAT	10
TGCAGTGAGC	10
TGCATACTGT	10
TGCATCTAGT	10
TGCATGCGTG	10
TGCATGTATG	10
TGCTAGTGAG	10
TGCTCACTGA	10
TGCTCACTGC	10
TGCTCAGCAC	10
TGCTGTATCA	10
TGTACATGAT	10
TGTACTCAGA	10
TGTAGATACT	10
TGTAGATGAG	10
TGTAGCATAG	10
TGTAGTCTAT	10
TGTATCAGCA	10
TGTATCTACA	10
TGTCAGACAT	10
TGTCAGTCTA	10
TGTCTACATA	10
TGTCTAGTCT	10
TGTCTGATCT	10
TGTCTGATGC	10
TGTCTGCAGA	10
